date,time,city,position,longitude,latitude,depth_value,description
2021-07-18 19:29:00,,北京,海淀山后冷泉附近的林语山庄,116.220680,40.033020,,车辆全部泡在水里
2023-07-22 10:42:00,,北京,朝阳区十里河桥区,116.458668,39.866167,,因短时强降雨，目前，我市部分道路产生积水
2022-07-03 12:20:00,,北京,通州兴贸南街东段,116.587497,39.758417,,积水，过往车辆请绕行
2023-08-05 15:15:00,,北京,房山区琉璃河镇洄城村的依澜阳光小区西门,116.030120,39.610998,50厘米,齐膝深的积水
2023-09-19 15:21:00,,北京,双兴大卖场路段、建北三社区北门、南小街等顺义城区路段,116.643691,40.146143,,每到雨天就容易积水，影响市民出行
2020-08-12 23:23:00,,北京,大宁山庄附近,116.214698,39.810731,,
2023-07-30 20:49:00,,北京,门头沟区石担路的京门铁路桥下,116.108135,39.942135,,
2023-09-24 09:02:00,,北京,太海路燕丹村南段幼儿园附近,116.444476,40.083548,一米左右,
2023-09-24 09:02:00,,北京,太海路,116.439998,40.086098,一米左右,
2023-08-09 15:59:00,,北京,河西地区北宫镇大灰厂路段,116.122130,39.839458,,
2023-09-19 15:21:00,,北京,双兴大卖场西侧,116.656497,40.144195,50厘米,路面积水下泄较慢，滞留超过一小时
2023-08-07 17:16:00,,北京,京广铁路桥下,116.47,39.90,,发生内涝，洪水退去，有大量的积水存在
2023-08-07 17:16:00,,北京,房山区琉璃河镇多处,116.030997,39.610514,,发生内涝，洪水退去，有大量的积水存在
2023-09-24 09:02:00,,北京,天通苑地区、回南路、燕丹村,116.444476,40.083548,一米左右,经常导致断路，甚至有不少井盖被雨水顶开，不仅影响行人出行
2020-05-21 20:47:00,,北京,石景山区古城街道北小区社区,116.185105,39.914600,,出现积水
2023-11-15 17:26:00,,北京,玉海园东门、西黄村、京通快速路四惠桥区,116.490039,39.908043,,积水
2023-08-01 10:30:00,,北京,故宫博物院慈宁宫,116.394399,39.919066,,暴雨时积水
2021-07-02 18:14:00,,北京,燕中路化三厂前东侧,116.81,40.36,一米左右,
2023-08-01 21:50:00,,北京,门头沟医院,116.101668,39.940842,2米,
2022-07-03 11:57:00,,北京,南海子公园北二门一路段,116.46,39.78,,积水成湖
2023-07-22 12:17:00,,北京,十里河桥,116.458668,39.866167,40cm,
2021-07-12 11:44:00,,北京,南五环羊坊桥下,116.429578,39.692076,,积水没过膝盖
2023-07-31 18:42:00,,北京,丰台区看丹南路,116.268206,39.834386,60厘米,
2023-07-31 19:41:00,,北京,房山区周口店南韩继村奥龙嘉苑小区,115.925434,39.642076,,积水严重
2023-07-25 22:13:00,,成都,桂溪立交桥,103.530016,30.199737,,积水
2021-07-26 12:02:00,,成都,武侯区天府大道（天府四街）,104.068505,30.571113,,路面积水
2023-07-13 15:55:00,,成都,成华区羊子山路古蜀祭坛公园,104.094631,30.703143,,积水
2021-08-05 09:10:00,,成都,海宁皮革城,104.080294,30.818745,,附近严重淹水
2020-08-16 15:58:00,,成都,驿都大道,104.180224,30.589914,,水快没过车顶
2021-07-26 13:36:00,,成都,武侯区天府大道,104.068505,30.571113,,
2020-08-16 19:08:00,,成都,天府大道,104.068505,30.571113,,积水路段游泳
2023-07-13 17:50:00,,成都,水碾河路到太古里,104.082798,30.652509,,路面严重积水
2023-04-19 10:30:00,,东莞,港口大道,113.674439,22.975517,,暴雨突袭，路面有积水，树枝折断
2023-09-08 12:49:30,,东莞,锦厦隧道,113.797498,22.799089,,积水成河
2023-09-08 09:31:19,,东莞,虎门博涌社区,113.671934,22.824244,,积水到胸口
2019-04-19 11:19:00,,广州,广从路商贸城路段,113.294285,23.435522,,车辆无法通行
2022-06-11 17:09:00,,广州,天河东莞庄路,113.338178,23.157867,,积水超过半个车轮，部分市民上班受阻
2023-09-08 15:42:00,,广州,白沙路临街商铺,113.363882,22.952691,,积水过膝，积水仍较深
2023-09-08 15:42:00,,广州,市桥站B口,113.362892,22.942502,,积水过膝，积水仍较深
2023-09-08 15:42:00,,广州,广州番禺区，白沙路低洼路段,113.363882,22.952691,,积水过膝，积水仍较深
2023-09-08 15:42:00,,广州,番禺区，白沙路低洼路段,113.363882,22.952691,,积水过膝，积水仍较深
2019-05-23 18:07:00,,广州,天河区科韵路软件园路段,113.294285,23.435522,,
2023-09-08 21:39:00,,广州,天河区车陂新悦楼小区,113.395324,23.110956,,
2022-07-03 19:29:00,,广州,天河石牌,113.339825,23.139457,,
2022-06-15 13:36:00,,广州,南方大厦珠江边,113.217658,23.168576,,
2023-09-08 09:42:00,,广州,海珠区官洲街,113.317412,23.084003,,
2023-09-08 09:42:00,,广州,海珠区同福片区,113.317412,23.084003,,
2023-09-08 09:42:00,,广州,海珠区新滘中路3号人行过街桥涵,113.320588,23.078348,,
2023-09-08 09:42:00,,广州,荔湾区下市直街,113.239029,23.096969,,
2023-09-08 09:42:00,,广州,天河区棠德西三街铁路涵洞,113.381046,23.134116,,
2023-09-08 09:42:00,,广州,天河区广深立交珠村涵洞,113.419463,23.117718,,
2023-09-08 09:42:00,,广州,白云区夏花路江府路口双向,113.255197,23.233671,,
2023-09-08 09:42:00,,广州,白云区（白云区人和）K21+150涵洞,113.290975,23.336763,,
2023-09-08 09:42:00,,广州,白云区广花路广州南方钢厂宿舍广钢医院北郊医院,113.276853,23.282018,,
2023-09-08 09:42:00,,广州,番禺区大罗塘,113.347971,22.962485,,
2023-09-08 09:42:00,,广州,番禺区新光快速路金山湖北行路段,113.339722,22.985367,,
2023-09-08 09:42:00,,广州,番禺区迎宾路东海花园路段,113.314977,23.034342,,
2023-09-08 09:42:00,,广州,番禺区西一村工业路村口,113.274668,23.049171,,
2023-09-08 09:42:00,,广州,番禺区茶东莲塘大街,113.411433,22.962846,,
2023-09-08 09:42:00,,广州,番禺区沙头街沙南路,113.345700,22.947924,,
2023-09-08 09:42:00,,广州,番禺区沙溪大道珊瑚湾畔,113.346236,23.035221,,
2023-09-08 09:42:00,,广州,番禺区大北路（交警一中队对出机电山立交双向）,113.369909,22.954031,,
2023-09-08 09:42:00,,广州,番禺区市桥地铁站,113.361715,22.948591,,
2023-09-08 09:42:00,,广州,番禺区龙津路和化龙大道交汇处,113.447327,23.042393,,
2023-09-08 09:42:00,,广州,番禺区天安科技园,113.383917,22.937560,,
2023-09-08 09:42:00,,广州,番禺区里仁洞（宝骏汽车外绿道）,113.348072,22.990761,,
2023-09-08 09:42:00,,广州,番禺区海印又一城,113.348935,22.997818,,
2023-09-08 09:42:00,,广州,番禺区钟盛路,113.299648,22.971068,,
2023-09-08 09:42:00,,广州,南沙区东涌镇培贤东路段双向,113.460004,22.882479,,
2023-09-08 09:42:00,,广州,南沙区环市大道塘坑路口双向,113.563097,22.754811,,
2023-09-08 09:42:00,,广州,南沙区天后路,113.612444,22.758984,,
2023-09-08 09:42:00,,广州,.南沙区（大岗镇龙津路段双向）龙津路段双向,113.378581,22.780733,,
2023-09-08 09:42:00,,广州,花都区东华隧道,113.272222,23.440461,,
2023-09-08 09:42:00,,广州,增城区民营大道西顺欣广场,113.623880,23.145925,,
2023-09-08 09:42:00,,广州,增城区新塘镇沙浦片区（亭贵路、瑶福路、富华路、绿榕路、瑶晖路）,113.687190,23.166455,,
2023-09-08 09:42:00,,广州,增城区新塘瑶田大道,113.625920,23.133562,,
2023-09-08 09:42:00,,广州,增城区新塘镇大敦片区,113.659509,23.123709,,
2023-09-08 11:51:00,,广州,市桥站,113.362892,22.942502,,B口因站外积水仍需暂停对外服务，请需要从B口进出的乘客从其他出入口绕行
2023-09-08 15:44:00,,广州,白沙路临街商铺,113.363882,22.952691,,淹至大腿处
2023-09-08 15:44:00,,广州,广州番禺区，白沙路,113.363882,22.952691,,淹至大腿处
2023-09-08 15:44:00,,广州,广州番禺区的广州地铁3号线市桥站,113.362892,22.942502,,淹至大腿处
2023-09-08 15:44:00,,广州,广州番禺区，白沙路低洼路段,113.363882,22.952691,,淹至大腿处
2022-07-04 10:27:00,,广州,花都区狮岭大道与南航路口交界处,113.185187,23.449687,,齐腰深的水中
2023-09-08 09:58:00,,广州,禺山大道,113.358990,22.940317,,积水没过车轮
2023-09-08 16:49:00,,广州,番禺市桥,113.362892,22.942502,,被水淹，被水浸了
2023-09-08 16:49:00,,广州,市桥大北路 易发街 西丽路等多地,113.364243,22.941120,,被水淹，被水浸了
2023-09-15 18:03:00,,广州,市桥地铁站钻汇广场,113.362630,22.947813,,水浸情况
2022-06-14 11:57:00,,广州,增城区派潭镇樟洞坑村,113.863297,23.523025,,水浸村庄没过膝盖
2019-04-19 11:26:00,,广州,广清高速新华收费站出口,113.211842,23.215645,,有水浸，水浸影响朝阳出口都有管控
2019-04-19 11:26:00,,广州,鸦岗大道,113.209877,23.230278,,有水浸，水浸影响朝阳出口都有管控
2020-06-08 18:17:00,,广州,梯面红山村,113.280961,23.582059,,
2023-09-08 07:46:00,,广州,三号线市桥站站外,113.36,22.95,,积水较深
2023-09-08 07:46:00,,广州,三号线市桥站,113.362892,22.942502,,积水较深
2023-09-08 15:44:44,,广州,番禺区，白沙路,113.363882,22.952691,,积水过膝
2023-09-08 15:44:44,,广州,广州地铁3号线市桥站,113.362892,22.942502,,积水过膝
2023-09-08 15:44:44,,广州,市桥站B口外,113.362892,22.942502,,积水过膝
2023-09-08 15:44:44,,广州,番禺光明北路,113.361991,22.955032,,积水过膝
2023-09-08 08:04:00,,广州,三号线市桥站站外,113.36,22.95,,积水较深，市桥站临时关闭
2023-09-08 07:46:22,,广州,三号线市桥站站,113.362892,22.942502,,积水较深
2023-09-15 18:20:19,,广州,番禺区一街道,113.366009,22.942084,,积水成河车辆被淹
2023-09-08 15:42:00,,广州,番禺区的广州地铁3号线市桥站,113.362892,22.942502,,因站外积水较深临时关闭，列车不停站通过
2023-09-08 08:17:00,,广州,三号线市桥站站,113.362892,22.942502,,外积水较深，为确保乘客安全，存在积水
2023-09-08 08:17:00,,广州,三号线市桥站站外,113.36,22.95,,积水较深 市桥站临时关闭
2023-10-11 18:49:00,,杭州,永丰街道谷水佳苑小区出入口,120.076886,30.347954,,大量积水
2020-06-25 18:51:00,,杭州,天目山路与古墩路路口,120.101902,30.265029,四五十厘米,开车如同“开船”
2021-08-26 21:56:00,,杭州,六和社区辖区内西浦路,120.142966,30.159696,,有积水，造成交通拥堵
2021-07-26 19:37:00,,杭州,大桥南路高铁站,119.426838,29.572756,,
2022-08-19 07:23:00,,杭州,新河船厂地道、福建路地道西侧通道,120.17,30.25,大于20厘米,积水较深
2022-08-19 07:23:00,,杭州,大沽街道河南里新桥里部分,117.66,39.00,大于20厘米,积水较深
2022-08-19 07:23:00,,杭州,新北街道尧山道、谐海路、河北西路、金江路、锦江路等路段,117.66,39.06,大于20厘米,积水较深
2022-08-19 07:23:00,,杭州,堰宾里小区,120.21,30.25,大于20厘米,积水较深
2022-08-19 07:23:00,,杭州,新港二号路、新港三号路、新港一号路、春风路、春光路,117.70,39.01,大于20厘米,积水较深
2022-08-19 07:23:00,,杭州,新城镇新城村庄房路蓟港下穿地道,119.04,29.32,大于20厘米,积水较深
2023-07-20 01:03:00,,杭州,石祥路科园路交叉口,120.166761,30.328033,,
2023-07-20 01:03:00,,杭州,丁兰路下穿隧道边,120.231123,30.233655,,
2023-07-19 21:04:00,,杭州,大农岗路同协路口,120.211569,30.326532,,积水严重
2023-07-19 21:04:00,,杭州,天鹤路丁兰路路口,120.219680,30.366959,,积水严重
2023-07-19 21:04:00,,杭州,半山路明园路口,120.174808,30.353949,,积水严重
2023-07-19 21:04:00,,杭州,沈半路沿线,120.170229,30.336545,,积水严重
2023-07-19 21:04:00,,杭州,杭玻街沿线，康华路路口,120.208114,30.339317,,积水严重
2023-07-19 21:04:00,,杭州,东文路长浜路南向北南口,120.182547,30.317899,,积水严重
2023-07-19 21:04:00,,杭州,新天地永福桥西向东,120.272871,30.160471,,积水严重
2023-07-19 21:04:00,,杭州,德胜快速路东向西收费站出口,120.291348,30.239631,,积水严重
2023-07-19 21:04:00,,杭州,东向西草庄上方,118.803969,29.755805,,积水严重
2023-07-19 21:04:00,,杭州,西向东过德胜转空港岔口,120.43,30.23,,积水严重
2023-07-19 21:04:00,,杭州,石德立交东口西向东匝道内,120.193173,30.307008,,积水严重
2023-07-19 21:04:00,,杭州,运溪路转向两山隧道,119.992354,30.309241,,积水严重
2023-07-19 21:04:00,,杭州,永祥街西向东,120.186187,30.343557,,积水严重
2023-07-19 21:04:00,,杭州,沈半路与桃源街交叉口,120.181293,30.342681,,积水严重
2021-07-24 16:55:00,,杭州,新工小区路面,120.18,30.22,,出现多个积水点，有近150余米长、30公分深处存在大面积积水
2021-07-24 16:55:00,,杭州,姚江路口至新工大道路段,120.19,30.22,,出现多个积水点，有近150余米长、30公分深处存在大面积积水
2021-07-08 11:07:00,,合肥,青阳路与清溪路口,117.943144,31.641436,,积水严重暂无法通行
2020-07-22 21:04:00,,合肥,中庙寺下方基座,117.478633,31.596367,13.36米,
2023-07-21 17:20:00,,合肥,望江西路与创新大道交口,117.134088,31.830213,,积水
2020-06-15 12:44:00,,合肥,北城世纪金源购物中心路段,117.246839,32.004257,,积水严重
2021-01-10 19:17:00,,合肥,皖东小区22栋一楼单元门,117.305416,31.827577,,严重积水
2020-06-15 21:58:00,,合肥,北城世纪金源购物中心路段,117.246839,32.004257,,积水严重
2021-07-08 15:57:00,,合肥,清溪路,117.239750,31.872332,,
2023-09-06 07:12:00,,合肥,贵池路与青阳路路口,117.241629,31.845527,,因为排水不畅，该路段积水严重，还导致三辆私家车熄火抛锚，交通堵塞严重
2023-06-19 04:00:00,,合肥,黄山路路南非机动车道上、黄山路路段北侧、石台路与黄山路交叉口,117.195957,31.841328,,有多处积水，虽然积水并不深，没过行人脚踝，但给交通出行带来不便
2023-07-21 16:34:00,,合肥,繁华大道与莲花路交口,117.229731,31.746683,,有积水
2023-07-21 16:34:00,,合肥,裕溪路与铜陵路交口,117.322746,31.865873,,有积水
2023-07-21 16:34:00,,合肥,阜阳北路与天水路交口,117.274402,31.934978,,有积水
2023-07-21 16:34:00,,合肥,上海路与花园大道交口,117.338084,31.773173,,有积水
2023-07-21 16:34:00,,合肥,合肥望江西路与创新大道交口,117.134088,31.830213,,有积水
2023-07-20 18:56:00,,合肥,蒙山路和卫零路下立交,117.23,31.83,七八十厘米,积水严重，较为严重
2023-07-20 18:56:00,,合肥,东村海光八组南片,117.277723,31.453842,七八十厘米,积水严重，较为严重
2020-06-15 13:26:00,,合肥,龙灯路中铁国际城德园东门,117.232879,31.902589,,积水严重多车被淹
2020-07-18 10:37:00,,合肥,包河区南二环与宁国路交口,117.290823,31.822912,,
2020-07-19 12:31:00,,合肥,北一环路与肥西路交口,117.255345,31.878326,,严重城市内涝
2021-08-11 17:47:00,,合肥,滨湖信达公园,117.323116,31.539575,,积水
2023-09-06 07:12:05,,合肥,贵池路与青阳路路口东边,117.241629,31.845527,,该路段积水严重，还导致三辆私家车熄火抛锚，交通堵塞严重
2021-06-14 20:57:00,,济南,华龙路七里河路路,117.079927,36.679394,,积水严重没过车轮
2023-07-28 20:54:00,,济南,北坦立交桥站点,116.279301,36.163815,2.41米,积水较深
2023-07-28 20:54:00,,济南,蓝翔路铁路立交,116.956961,36.705325,2.41米,积水较深
2023-07-21 21:11:00,,济南,市中区的兴仲路,117.038255,36.599731,,严重积水，往来车辆溅起阵阵水浪，行车似“划船”
2023-08-21 16:52:00,,济南,小岭村,117.060091,36.600008,1.5米,
2019-08-13 19:01:00,,济南,天桥区小清河北路从凤凰山路往西一直到生产路,117.016798,36.684202,,小区积水外排而封闭
2022-07-12 14:56:00,,济南,南徐东路,117.031637,36.717496,,被淹多辆车被困
2022-07-12 13:25:00,,济南,恒大睿城小区,116.949395,36.613397,,车库被淹。居民弃车抱娃避险
2022-08-09 13:52:00,,济南,党西铁路桥北侧桥洞,116.889240,36.582077,,半幅封闭
2023-07-30 21:00:00,,济南,地铁2号线祝甸站B口,117.08,36.70,,高过小腿的积水和越来越大的雨势让乘客寸步难行
2023-07-29 00:33:00,,济南,东仓小区,117.043537,36.673823,约有一米,被淹
2023-07-28 19:23:00,,济南,历下区少年路少年宫站点,117.076320,36.666395,58厘米,
2023-07-28 19:23:00,,济南,市中区Y003乡道党西村铁路立交桥站点,116.889240,36.582077,58厘米,
2023-07-28 19:23:00,,济南,历城区黄台南路站点,117.052558,36.687592,58厘米,
2023-07-28 19:23:00,,济南,天桥区三孔桥街北坦立交桥站点,117.009004,36.674990,58厘米,
2023-07-28 19:23:00,,济南,天桥区标山南路成大立交桥站点,117.012526,36.697532,58厘米,
2023-07-28 19:23:00,,济南,天桥区北关北路铁道桥,117.020041,36.681880,58厘米,
2023-07-28 19:23:00,,济南,天桥区蓝翔路铁路立交桥,116.956961,36.705325,58厘米,
2023-07-28 19:23:00,,济南,天桥区太平大道高速公路立交,117.145224,36.757971,58厘米,
2023-07-28 19:23:00,,济南,天桥区东宇大街铁路立交桥,116.948122,36.703035,58厘米,
2023-07-28 19:23:00,,济南,槐荫区二环西路张庄路站点,116.920000,36.657209,58厘米,
2023-07-21 20:25:00,,济南,济南市中区的兴仲路,117.038255,36.599731,,积水严重
2023-07-28 18:50:00,,济南,三孔桥街桥洞,117.006911,36.681506,,积水严重
2021-07-05 16:48:00,,济南,三孔桥,117.007144,36.680635,,积水严重
2022-07-12 08:23:00,,济南,花园路山大路,117.055977,36.668566,,大面积积水
2020-06-15 09:34:00,,南京,鼓楼区大桥新村小区,118.751341,32.102579,,积水，有人被困
2019-06-06 11:15:00,,南京,新模范马路地铁站2号出口,118.783714,32.079871,,积水较深，不少乘客拥在出口处无法出行
2022-06-24 22:41:00,,南京,建邺区银轮花园一地下室,118.744052,32.027879,,被淹
2023-08-23 11:16:00,,南京,北安门街富贵山小区,118.821072,32.050526,60-70厘米,
2023-08-13 20:47:00,,南京,扬子江大道东侧往江心洲匝道口,118.700750,32.007565,,出现一处积水，并且漫至路旁的绿化带中
2023-07-17 10:28:00,,南京,江宁区汤山海泽路,119.047932,32.054127,,一片汪洋……路面拱起
2023-07-19 16:48:00,,南京,和燕路隧道,118.811927,32.109083,,
2023-07-19 16:59:00,,南京,绕城公路油坊桥立交往江心洲长江大桥方向,118.730158,31.971853,,
2023-08-13 20:47:00,,南京,扬子江大道东侧往江心洲匝道口附近,118.700750,32.007565,,车辆纷纷减慢速度通过
2023-08-13 20:47:00,,南京,扬子江大道绿博园附近的一处隧道内,118.716735,32.024161,,车辆纷纷减慢速度通过
2023-08-13 20:47:00,,南京,江东中路的部分辅道,118.732449,32.009339,,车辆纷纷减慢速度通过
2023-08-13 21:14:00,,南京,扬子江大道东侧往江心洲匝道口,118.700750,32.007565,,出现一处积水，并且漫至路旁的绿化带中
2023-08-13 21:14:00,,南京,扬子江大道东侧往江心洲匝道口附近,118.700750,32.007565,,出现一处积水
2023-08-13 21:14:00,,南京,扬子江大道绿博园附近的一处隧道内,118.716735,32.024161,,出现一处积水
2023-08-13 21:14:00,,南京,江东中路的部分辅道,118.732449,32.009339,,出现一处积水
2023-08-22 09:54:00,,南京,栖霞大道仙新路路口、栖霞大道甘家巷跨线桥、炼西路,118.914101,32.142147,,积水较为严重
2023-08-22 09:54:00,,南京,尧新大道恒通大道路口,118.866656,32.145597,,积水较为严重
2023-08-22 09:54:00,,南京,秦淮区凤台路,118.768536,32.022774,,积水较为严重
2023-08-22 09:54:00,,南京,玄武区东苑路,118.844730,32.026864,,积水较为严重
2023-08-22 09:54:00,,南京,双麒路金盛路附近,118.829317,31.973011,,积水较为严重
2023-08-22 09:54:00,,南京,中山门大街下马坊胜利村路,118.850972,32.029038,,积水较为严重
2020-07-11 11:26:00,,南京,西街、长桥路,118.531668,31.942540,,多处积水点及雨水倒灌入户情况
2020-06-16 17:27:00,,南京,楠溪江东街,118.732461,31.992330,,产生了大量积水
2023-07-19 16:48:00,,南京,玄武区仙岔路路口,118.871833,32.093318,,积水严重
2023-08-22 09:44:00,,南京,双麒路金盛路,118.829317,31.973011,,路面出现积水
2023-07-19 16:50:00,,南京,仙尧路花卉市场,118.883353,32.104663,,积水
2021-07-25 22:43:00,,上海,张庄公路,121.151611,30.987179,,积水严重，现已封路
2023-07-21 19:04:00,,上海,杨浦区控江路小区,121.545949,31.287524,,积水严重，一楼在抽水
2023-09-13 11:36:00,,上海,浦东新区的上海农产品中心批发市场,121.558110,31.164351,,水深没过脚踝
2019-06-09 16:12:00,,上海,铁西路下穿,116.65,40.14,,
2019-06-09 16:12:00,,上海,东安路铁路下穿快车道,121.309644,31.735428,,
2019-06-09 16:12:00,,上海,相人山路,110.28,25.21,,
2019-06-09 16:12:00,,上海,甲山下穿,121.22,31.12,,
2019-06-09 16:12:00,,上海,上海路立交桥北侧慢车道,121.564286,31.141687,,
2019-06-09 16:12:00,,上海,穿山东路（万达段）,110.31,25.25,,
2019-06-09 16:12:00,,上海,骖鸾路与环城南一路交叉口,121.74,31.03,,
2019-06-09 16:12:00,,上海,建干北路,121.486640,31.253236,,
2019-06-09 16:12:00,,上海,毛塘路与环城南一路交叉口,121.74,31.03,,
2019-06-09 16:12:00,,上海,西二环社塘村,121.03,30.88,,
2019-06-09 16:12:00,,上海,阳江(和东安路交叉点)路,116.66,40.14,,
2019-06-09 16:12:00,,上海,环城南一路与七星路,116.44,40.08,,
2019-06-09 16:12:00,,上海,七星路与桂磨路交叉口,121.35,31.15,,
2019-06-09 16:12:00,,上海,银锭路与民主路交叉路口,121.309870,31.291517,,
2019-06-09 16:12:00,,上海,东二环朝阳山庄,120.879463,31.119409,,
2019-06-09 16:12:00,,上海,丽君路下穿非机动车道,121.217877,31.038462,,
2019-06-09 16:12:00,,上海,香江立交南侧慢车道,121.45,31.25,,
2019-06-09 16:12:00,,上海,虞山桥西侧下穿,110.31,25.30,,
2019-06-09 16:12:00,,上海,东二环与育才路口,121.592980,31.617919,,
2019-06-09 16:12:00,,上海,环城南一路与桂磨路交叉口,116.47,39.87,,
2019-06-09 16:12:00,,上海,环城西一路石化加油站,121.52,31.27,,
2023-08-17 18:41:00,,上海,绕城高速内圈浦东东川公路下立交附近,121.709872,31.252548,,出现了明显积水
2021-07-27 09:36:00,,上海,虹梅南路万辉广场,121.436470,31.089675,,严重积水
2023-12-01 16:08:34,,上海,黄浦区陕西南路长乐路,121.456400,31.219922,,水面常常漫到了屋内第二级楼梯
2023-06-27 10:38:00,,深圳,龙华区地标性商圈壹方城,114.030175,22.643234,,
2023-09-15 23:15:24,,深圳,宝安区,113.883831,22.554986,70公分,发生内涝
2023-09-15 23:15:24,,深圳,东风幼儿园,113.848761,22.772172,70公分,发生内涝
2023-09-08 00:43:17,,深圳,河道区域,114.04,22.51,,
2023-09-08 15:25:15,,深圳,龙岗区坪地街道南岸路,114.306847,22.754726,1.5米,有30多人被困车顶
2023-09-08 14:22:19,,深圳,龙岗区南坪快速路面,114.316980,22.661687,,积水，积水
2023-09-08 14:22:19,,深圳,盐田坳隧道上行右侧,114.242525,22.606620,,积水，积水
2023-09-08 18:52:36,,深圳,龙城街道畲吓村、锦绣村、前进村等,114.228367,22.696662,,积水严重区域，部分地段积水达到1.5米
2020-07-31 14:15:00,,天津,中环线,117.54,38.68,,积水
2023-08-01 19:50:00,,天津,西北半环快速路,117.128966,39.178737,,积水
2022-08-06 09:00:00,,天津,南开区嘉陵道,117.143145,39.126410,,开车像划船
2021-07-29 15:54:00,,天津,滨江道,117.199534,39.124529,,
2023-07-31 15:36:00,,天津,北辰马路,117.135614,39.224638,,积水成河
2023-07-31 19:29:00,,天津,北辰宜兴埠,117.217429,39.198171,,
2022-07-03 00:00:00,,天津,津南区小站镇,117.44,38.92,,积水较大排水不好
2023-08-14 17:11:00,,天津,武清区黄花店镇甄营村路面,116.885916,39.377527,,
2023-08-14 17:11:00,,天津,武清区黄花店镇甄营村,116.885916,39.377527,,
2022-06-28 20:54:00,,天津,西青区同盛里小区,117.042089,39.146071,,一楼己经进水
2021-10-03 17:43:00,,天津,河东区成林道,117.254840,39.129603,,
2022-08-06 09:33:00,,天津,白堤路学府街菜市场路段,117.159193,39.117276,,积水成河
2023-08-11 13:25:00,,天津,武清区甄营村，大棚,116.886937,39.379390,一米以上,
2021-07-30 19:05:00,,天津,河东区上杭路万顺里小区,117.265584,39.123912,,积水严重
2019-07-18 17:34:00,,天津,南市荣业大街,117.184665,39.131146,,
2023-08-08 12:18:00,,天津,104国道辛口段,116.966065,39.081737,,
2023-09-12 15:29:00,,天津,西青区辛口镇第六埠村,116.929876,39.066676,,
2023-08-11 13:25:00,,天津,武清区甄营村,116.886937,39.379390,一米以上,
2022-07-26 12:28:00,,天津,中山北路,117.216296,39.166045,,积水
2023-08-01 19:31:00,,天津,虹桥丁字沽三号路段,117.148600,39.133319,,严重积水
2020-08-24 10:15:00,,天津,蓟州区下营镇体育训练基地至黄崖关村东区,117.446437,40.241452,,积水
2022-07-26 11:47:00,,天津,河北区五马路,117.189599,39.156956,,大雨积水
2022-08-06 09:38:00,,天津,南开区雅安道/咸阳路/长江道,117.138667,39.130598,,积水
2023-09-26 18:05:00,,武汉,太海路燕丹村幼儿园路段,116.44,40.08,1米左右,经常导致断路，甚至不少井盖被雨水顶开，不仅影响村民出行，还存在一定安全隐患
2023-07-20 08:50:00,,武汉,江汉路步行街,114.293070,30.579603,,积水
2023-04-23 20:15:00,,武汉,东湖新技术开发区花山街一处铁路桥下,114.512344,30.548932,,两辆轿车在通过此路段时被淹，其中一辆车内一家三口被困
2023-10-11 18:49:00,,武汉,永丰街道谷水佳苑小区,114.328626,30.526927,,有大量积水
2023-06-18 23:16:00,,武汉,高新大道光谷三路道路,114.480981,30.472847,,严重渍水 多辆车被淹水中
2023-04-03 17:56:00,,武汉,江夏大道庙山医药园公交车站,114.372526,30.411328,,出现临时积水，有关部门迅速行动
2023-04-03 17:47:00,,武汉,江夏大道庙山广信万汇城段,114.372875,30.419146,,出现短时间积水，路过的车主请注意避让
2021-08-04 16:45:00,,西安,纺渭路快速干道（西临高速）桥,109.077166,34.301804,,产生积水，该积水点水深已经到成年人腰部
2020-06-17 11:31:00,,西安,北三环罗高路十字南边,108.894628,34.326152,,积水严重
2020-06-17 11:31:00,,西安,北二环大白杨,108.903074,34.293107,,积水严重
2020-06-17 11:31:00,,西安,石化大道北徐十字东边,108.864475,34.322447,,积水严重
2020-06-17 11:31:00,,西安,东大街开元口，黄雁村十字,108.95,34.26,,积水严重
2020-06-17 11:31:00,,西安,明路3号桥（新增）、7号桥、8号桥,108.867883,34.252365,,积水严重
2020-06-17 11:31:00,,西安,钟楼盘道西口积水,108.328100,34.068806,,积水严重
2020-06-17 11:31:00,,西安,华清西路受施工影响西北物流至贝斯特物流由西向东方向,108.98,34.28,,积水严重
2020-06-17 11:31:00,,西安,唐都医院丁字口,109.063387,34.284897,,积水严重
2020-06-17 11:31:00,,西安,半坡公交枢纽站门口,109.049346,34.276919,,积水严重
2020-06-17 11:31:00,,西安,雁塔辖区（1处）长安路雁环路十字,108.924387,34.182929,,积水严重
2020-06-17 11:31:00,,西安,西部大道靖宁路十字,108.919562,34.164128,,积水严重
2020-06-17 11:31:00,,西安,郭杜北街、香积大街、仓台西路与书香路交叉口、西沣路三岔口,108.896823,34.158342,,积水严重
2020-06-17 11:31:00,,西安,西铜一级路东风桥下转盘,108.97,34.39,,积水严重
2023-07-28 16:26:00,,西安,纺园一路、万象湾柳新路,109.073719,34.290572,,十字积水严重
2023-07-28 16:26:00,,西安,京昆高速阎良段辖区,108.854301,34.345862,,十字积水严重
2023-07-28 16:26:00,,西安,灞桥：向阳北路,109.131843,34.305717,,十字积水严重
2023-07-28 16:26:00,,西安,秦汉大道陆港假日酒店前至秦汉大道纺渭路段,109.07,34.40,,十字积水严重
2023-07-28 16:26:00,,西安,西部大道靖宁路,108.919562,34.164128,,十字积水严重
2023-07-28 16:26:00,,西安,新寺路、堡子村、医学院第二附属医院门口,109.056343,34.274596,,十字积水严重
2023-07-28 16:26:00,,西安,东二环东元桥向南上桥口,108.995517,34.296033,,十字积水严重
2023-07-28 16:26:00,,西安,北关十字,108.946829,34.271013,,十字积水严重
2023-09-11 22:24:00,,西安,北池头二路和曲江大道立交桥下,108.996312,34.211398,,有车辆被淹，一度无法通行
2023-09-19 19:45:00,,西安,航天中路上的北口,108.965563,34.159234,,积水严重不能通行
2023-09-11 11:17:00,,西安,长安：长兴南路（皂河路至惠民街段）,108.940877,34.149426,,积水严重已双向管制
2023-09-11 11:17:00,,西安,曲江：金泘沱公田一路,108.975368,34.181756,,积水严重已双向管制
2023-09-11 11:17:00,,西安,灞桥：唐都医院南门,109.063387,34.284897,,积水严重已双向管制
2023-09-11 11:17:00,,西安,长安：老区委十字、新华街长兴北路十字、西部大道靖宁路,108.919562,34.164128,,积水严重已双向管制
2023-09-11 11:17:00,,西安,碑林：南稍门十字积水、太乙路建设路,108.972970,34.238464,,积水严重已双向管制
2023-09-11 11:17:00,,西安,雁塔：纬二街十字,108.948592,34.222517,,积水严重已双向管制
2019-04-21 08:30:00,,西安,向阳北路与田洪正街路口东350米的铁路桥下道路,109.117556,34.307224,,在汛期经常积水
2021-07-26 19:16:00,,西安,大唐芙蓉园门口,108.974360,34.212717,,已成海
2020-07-10 18:46:00,,西安,未央区贞观路南口,108.960297,34.325038,,积水严重
2020-07-31 10:23:00,,西安,西南郊区域的行洪通道大环河,116.34,39.85,,
2021-07-26 13:48:00,,西安,曲江新区大唐芙蓉园,108.974360,34.212717,,积水严重
2020-07-30 16:55:00,,西安,南二环长安立交桥下,108.94,34.23,,积水较深，已经没过小腿
2019-08-16 14:42:00,,西安,深圳路西段、西安路和天津路交界处,108.88,34.24,,
2023-09-12 14:29:00,,西安,长安区的韦曲老街,108.945561,34.158393,,有商户被洪水冲倒
2023-09-11 13:55:00,,西安,长安：长兴南路(皂河路至惠民街段),108.940877,34.149426,,
2023-09-11 13:55:00,,西安,曲江：金泘沱公田一路,108.975368,34.181756,,
2023-09-11 13:55:00,,西安,灞桥：穆将王立交,109.052613,34.251308,,
2023-09-11 13:55:00,,西安,靖宁路南北双向,108.919562,34.164128,,
2023-09-11 13:55:00,,西安,新华街长兴北路东西双向至青年北街,108.936348,34.159841,,
2023-09-11 13:55:00,,西安,绿园十字南北双向至惠民街、东西双向至老区委,108.93,34.15,,
2023-09-11 13:55:00,,西安,高新：唐延路科技八路隧道口,108.889184,34.205161,,
2023-09-11 13:55:00,,西安,新城：东二环互助路桥南口,116.44,39.87,,
2023-09-11 13:55:00,,西安,环东路朝阳门隧道南向北,108.972357,34.273308,,
2023-09-11 13:55:00,,西安,曲江：新开门转盘东侧、龙游南路新开门街,108.993674,34.204709,,
2023-09-11 13:55:00,,西安,乐游北路丁字已,108.967732,34.226134,,
2023-10-11 18:49:00,,西安,永丰街道谷水佳苑小区出入口,109.316459,34.147768,,有大量积水
2020-07-11 23:14:00,,西安,高陵区东环城路和东方红路十字,109.094711,34.530113,,路面积水现象
2023-06-03 19:54:00,,西安,高新：雷甘路,108.839045,34.128359,,积水，已进行交通管制
2023-06-03 19:54:00,,西安,港浐：元朔大道,108.930848,34.369249,,积水，已进行交通管制
2023-06-03 19:54:00,,西安,纺渭路铁路高架桥下,108.803189,34.236101,,积水，已进行交通管制
2023-06-03 19:54:00,,西安,高陵：泾吴涵洞,108.981595,34.471906,,积水，已进行交通管制
2023-06-03 19:54:00,,西安,长安：学府大街（郭杜南街至苍台西路段）东西双向,108.862000,34.155058,,积水，已进行交通管制
2023-06-03 19:54:00,,西安,新关路桥西村,109.208757,34.510887,,积水，已进行交通管制
2023-06-03 19:54:00,,西安,鄠邑：古城西路,108.592091,34.123766,,积水，已进行交通管制
2023-06-03 19:54:00,,西安,碑林：经九路化工南巷口,108.981624,34.238422,,积水，已进行交通管制
2023-06-03 19:54:00,,西安,天谷二路（云水一路到云水二路）,108.833751,34.228831,,积水，已进行交通管制
2023-06-03 19:54:00,,西安,省道107罗汉洞村口,109.124681,34.348815,,积水，已进行交通管制
2023-06-03 19:54:00,,西安,西太路,108.846640,34.169140,,积水，已进行交通管制
2023-06-03 19:54:00,,西安,未央：石化大道北徐十字,108.864475,34.322447,,积水，已进行交通管制
2023-06-03 19:54:00,,西安,西部大道（靖宁路至府东一路段）东向西方向,108.92,34.17,,积水，已进行交通管制
2023-06-03 19:54:00,,西安,包茂高速桥东,108.971320,34.389872,,积水，已进行交通管制
2023-06-03 19:54:00,,西安,临潼：108国道严上村高速路涵洞,109.250067,34.419968,,积水，已进行交通管制
2023-06-03 19:54:00,,西安,明光路凤城二路,108.936566,34.316872,,积水，已进行交通管制
2023-06-03 19:54:00,,西安,吉星路平安不动产3号门口,109.028246,34.527405,,积水，已进行交通管制
2023-06-03 19:54:00,,西安,泾高南路渭阳路口,109.014333,34.482335,,积水，已进行交通管制
2023-06-03 19:54:00,,西安,尚稷路皂河东路路面积水,108.845326,34.362929,,积水，已进行交通管制
2023-06-03 13:35:00,,西安,碑林:经九路化工南巷口,108.981624,34.238422,,积水严重一侧临时封闭禁止通行
2023-06-03 13:35:00,,西安,天谷二路(云水一路到云水二路),108.833751,34.228831,,积水严重一侧临时封闭禁止通行
2023-06-03 13:35:00,,西安,省道107罗汉洞村口,109.124681,34.348815,,积水严重一侧临时封闭禁止通行
2023-06-03 13:35:00,,西安,西太路,108.846640,34.169140,,积水严重一侧临时封闭禁止通行
2023-06-03 13:35:00,,西安,长鸣路和记万佳门口,108.920823,34.206794,,积水严重一侧临时封闭禁止通行
2023-06-03 13:35:00,,西安,昆明路4号桥,108.881004,34.252108,,积水严重一侧临时封闭禁止通行
2023-06-03 13:35:00,,西安,西部大道(靖宁路至府东一路段)东向西方向,108.85,34.17,,积水严重一侧临时封闭禁止通行
2023-06-03 13:35:00,,西安,香积大街(西沣路至南小张村口段)东西双向,108.854596,34.142631,,积水严重一侧临时封闭禁止通行
2023-06-03 13:35:00,,西安,西汤线(天王村段)西向东方向,109.06,34.05,,积水严重一侧临时封闭禁止通行
2023-06-03 13:35:00,,西安,终南大道(博物馆门口)东向西方向,109.083434,34.133450,,积水严重一侧临时封闭禁止通行
2023-06-03 13:35:00,,西安,渭阳一路,109.070205,34.471307,,积水严重一侧临时封闭禁止通行
2023-06-03 13:35:00,,西安,108省道骊山新家园至高速路口段,109.168766,34.365050,,积水严重一侧临时封闭禁止通行
2023-06-03 13:35:00,,西安,新闫路滩张北路口路面,116.35,39.60,,积水严重一侧临时封闭禁止通行
2023-06-03 13:35:00,,西安,火车站涵洞,108.96,34.28,,积水严重一侧临时封闭禁止通行
2023-06-03 13:35:00,,西安,秦王一路马陵公园积水路段,109.187862,34.467945,,积水严重一侧临时封闭禁止通行
2023-06-03 13:35:00,,西安,尚稷路地铁公司西向东,108.916144,34.383317,,积水严重一侧临时封闭禁止通行
2023-06-03 13:35:00,,西安,渭高南路与渭阳路十字北口,109.011095,34.515074,,积水严重一侧临时封闭禁止通行
2023-06-03 13:35:00,,西安,上林路由北向南路西侧,108.217239,34.159591,,积水严重一侧临时封闭禁止通行
2023-06-03 13:35:00,,西安,华胥镇西北家具工业园内新港大道,109.164839,34.222882,,积水严重一侧临时封闭禁止通行
2023-06-03 13:35:00,,西安,高新:雷甘路,108.839045,34.128359,,积水严重一侧临时封闭禁止通行
2023-06-03 13:35:00,,西安,港浐:元朔大道,108.930848,34.369249,,积水严重一侧临时封闭禁止通行
2023-06-03 13:35:00,,西安,高陵:泾吴涵洞,108.981595,34.471906,,积水严重一侧临时封闭禁止通行
2023-06-03 13:35:00,,西安,未央:石化大道北徐十字东侧200米,108.864475,34.322447,,积水严重一侧临时封闭禁止通行
2023-06-03 13:35:00,,西安,太华路红旗东路十字,108.987362,34.353963,,积水严重一侧临时封闭禁止通行
2023-06-03 13:35:00,,西安,临潼:新关路桥西村,109.208757,34.510887,,积水严重一侧临时封闭禁止通行
2023-09-11 22:24:00,,西安,北池头二路和曲江大道立交桥,108.996312,34.211398,,有车辆被淹，一度无法通行，有三轮车摊位被积水推走
2023-09-11 22:24:00,,西安,韦曲老街,108.945561,34.158393,,有车辆被淹，一度无法通行，有三轮车摊位被积水推走
2023-09-11 15:00:00,,西安,太乙立交,108.973269,34.232910,,积水漫过路边停放的电动车、共享单车大半；匆匆赶路的人卷起裤腿从桥下过，有路段积水已至腰部；水流涌进菜市场
2023-09-11 13:39:56,,西安,长安区韦曲老街,108.945561,34.158393,,连人带车被水冲走
2023-09-11 13:53:23,,西安,长兴南路（皂河路至惠民街段）,108.940877,34.149426,,
2023-09-11 13:53:23,,西安,金泘沱公田一路,108.975368,34.181756,,
2023-09-11 13:53:23,,西安,穆将王立交,109.052613,34.251308,,
2023-09-11 13:53:23,,西安,纺西街纺四路至纺五路段,109.069571,34.260253,,
2023-09-11 13:53:23,,西安,唐延路科技八路隧道,108.889184,34.205161,,
2023-09-11 13:53:23,,西安,东二环互助路桥南口,108.991644,34.259766,,
2023-09-11 13:53:23,,西安,环东路朝阳门隧道南向北,108.972357,34.273308,,
2023-09-11 13:53:23,,西安,新开门转盘东侧、龙游南路新开门街,108.993674,34.204709,,
2023-09-11 13:53:23,,西安,乐游北路丁字,108.967732,34.226134,,
2023-09-19 18:03:00,,西安,西汉高速汉中方向西余铁路桥,108.827478,34.188677,,有部分积水
2023-09-11 16:00:00,,西安,长安区韦曲老街,108.945561,34.158393,,积水严重
2023-09-11 12:21:00,,西安,地铁4号线金滹沱站外公田一路,109.01,34.14,,道路积水严重
2023-09-11 13:39:00,,西安,长兴南路（皂河路至惠民街段）,108.940877,34.149426,,积水严重
2023-09-11 13:39:00,,西安,金泘沱公田一路,108.975368,34.181756,,积水严重
2023-09-11 13:39:00,,西安,穆将王立交积,109.052613,34.251308,,积水严重
2023-09-11 13:39:00,,西安,纺西街纺四路至纺五路段,109.069571,34.260253,,积水严重
2023-09-11 13:39:00,,西安,唐延路科技八路隧道口,108.889184,34.205161,,积水严重
2023-09-11 13:39:00,,西安,东二环互助路桥南口,108.991644,34.259766,,积水严重
2023-09-11 13:39:00,,西安,环东路朝阳门隧道南向北,108.972357,34.273308,,积水严重
2023-09-11 13:39:00,,西安,新开门转盘东侧、龙游南路新开门街,108.993674,34.204709,,积水严重
2023-09-11 13:39:00,,西安,乐游北路丁字,108.967732,34.226134,,积水严重
2023-09-11 12:05:38,,西安,互助路桥南口,108.991644,34.259766,,积水影响交通
2023-09-11 12:05:38,,西安,长安：长兴南路(皂河路至惠民街段),108.940877,34.149426,,积水影响交通
2023-09-11 12:05:38,,西安,曲江：金泘沱公田一路,108.975368,34.181756,,积水影响交通
2023-09-11 12:05:38,,西安,灞桥：穆将王立交和半坡立交,109.046472,34.277240,,积水影响交通
2023-09-11 12:05:38,,西安,灞桥：唐都医院南门,109.063387,34.284897,,积水影响交通
2023-09-11 12:05:38,,西安,高新：唐延路科技八路隧道口,108.889184,34.205161,,积水影响交通
2023-09-11 12:05:38,,西安,碑林：太乙立交桥下、南稍门十字、兴庆桥下、南大街、友谊东路太乙路,108.972970,34.238464,,积水影响交通
2023-09-11 12:05:38,,西安,雁塔：纬二街十字,108.948592,34.222517,,积水影响交通
2023-09-11 12:05:38,,西安,西影路乐游路口,108.990895,34.229032,,积水影响交通
2023-09-11 12:05:38,,西安,高新：西太路大良村、西太路雷甘路,108.839045,34.128359,,积水影响交通
2023-09-11 18:04:28,,西安,韦曲老街,108.945561,34.158393,,
2023-09-11 14:51:00,,西安,曲江南湖附近德厚街,108.828682,34.197255,,积水严重，已管制
2023-09-11 14:51:00,,西安,曲江龙湖星悦荟,108.992255,34.214690,,积水严重，已管制
2023-09-11 14:51:00,,西安,韦曲老街,108.945561,34.158393,,积水严重，已管制
2023-09-11 14:51:00,,西安,长安：长兴南路（皂河路至惠民街段）,108.940877,34.149426,,积水严重，已管制
2023-09-11 14:51:00,,西安,曲江：金泘沱公田一路,108.975368,34.181756,,积水严重，已管制
2023-09-11 14:51:00,,西安,灞桥：穆将王立交和半坡立交,109.046472,34.277240,,积水严重，已管制
2023-09-11 14:51:00,,西安,灞桥：唐都医院南门,109.063387,34.284897,,积水严重，已管制
2023-09-11 14:51:00,,西安,高新：唐延路科技八路隧道口,108.889184,34.205161,,积水严重，已管制
2023-09-11 14:51:00,,西安,碑林：太乙立交桥下、南稍门十字、兴庆桥下、南大街、友谊东路太乙路,108.972970,34.238464,,积水严重，已管制
2023-09-11 14:51:00,,西安,雁塔：纬二街十字,108.948592,34.222517,,积水严重，已管制
2023-09-11 14:51:00,,西安,高新：西太路大良村、西太路雷甘路,108.839045,34.128359,,积水严重，已管制
2023-09-20 08:59:23,,西安,韦曲老街,108.945561,34.158393,,
2023-09-11 13:31:00,,西安,长安：长兴南路（皂河路至惠民街段）,108.940877,34.149426,,积水严重、双向已管控
2023-09-11 13:31:00,,西安,曲江：金泘沱公田一路,108.975368,34.181756,,积水严重、双向已管控
2023-09-11 13:31:00,,西安,灞桥：穆将王立交,109.052613,34.251308,,积水严重、双向已管控
2023-09-11 13:31:00,,西安,新城：东二环互助路桥南口,108.99,34.26,,积水严重、双向已管控
2023-09-12 14:29:31,,西安,长安区韦曲老街,108.945561,34.158393,,因突发暴雨导致道路涨水，有商贩连同餐车被雨水冲跑
2023-09-11 22:04:45,,西安,北池头二路和曲江大道立交桥下,108.996312,34.211398,,有车辆被淹，一度无法通行，有三轮车摊位被积水推走
2023-09-11 22:04:45,,西安,韦曲老街,108.945561,34.158393,,有车辆被淹，一度无法通行，有三轮车摊位被积水推走
2021-09-28 09:28:00,,郑州,农业路文博东路向北50米路面,113.672729,34.796948,,有积水，到汽车的排气筒位置
2021-09-28 09:28:00,,郑州,北三环西向东花园路下桥口最右侧车道,113.683377,34.807645,,有积水，到汽车的排气筒位置
2021-09-28 09:28:00,,郑州,大河路三全食品厂职工宿舍门口,113.63,34.88,,有积水，到汽车的排气筒位置
2021-09-28 09:28:00,,郑州,科学大道与长椿路东西双向,113.542322,34.803602,,有积水，到汽车的排气筒位置
2021-09-28 09:28:00,,郑州,中原西路绕城高速东西双向,113.475582,34.748124,,有积水，到汽车的排气筒位置
2021-09-28 09:28:00,,郑州,中原路西四环西向南右转道,113.528440,34.758038,,有积水，到汽车的排气筒位置
2021-09-28 09:28:00,,郑州,药厂街至梧桐街雪松路段东西双向,113.555804,34.810874,,有积水，到汽车的排气筒位置
2021-09-19 16:25:00,,郑州,嵩山路航海路交叉口,113.629294,34.707746,超过30公分,积水断行
2021-09-19 16:25:00,,郑州,雪松路（梧桐街至长椿路）路西侧,113.540929,34.794393,超过30公分,积水断行
2021-09-19 16:25:00,,郑州,大学路南水北调南边路西侧,113.718619,34.445572,超过30公分,积水断行
2021-09-19 16:25:00,,郑州,陇海路淮北街南口,113.636250,34.733040,超过30公分,积水断行
2021-09-19 16:25:00,,郑州,钱塘路世贸东门,113.666826,34.741635,超过30公分,积水断行
2021-09-19 16:25:00,,郑州,中原路福寿街交叉口南30米,113.659491,34.750778,超过30公分,积水断行
2021-09-19 16:25:00,,郑州,大学路南水北调南北双向积水,113.54,34.82,超过30公分,积水断行
2021-09-19 16:25:00,,郑州,南三环三大街,113.618693,34.702960,超过30公分,积水断行
2021-09-19 16:25:00,,郑州,紫荆山路航海路，西南角,113.654620,34.720472,超过30公分,积水断行
2021-09-19 16:25:00,,郑州,中州大道航海路西南角,113.717116,34.721826,超过30公分,积水断行
2021-09-19 16:25:00,,郑州,中州大道郑汴路东南角,113.691876,34.746689,超过30公分,积水断行
2021-09-19 16:25:00,,郑州,航海路朝凤路,113.733698,34.718406,超过30公分,积水断行
2021-09-19 16:25:00,,郑州,紫荆山南路与豫一路交叉口东西双向,113.687890,34.695771,超过30公分,积水断行
2021-09-19 16:25:00,,郑州,紫辰路管城分局门口双向,113.70,34.70,超过30公分,积水断行
2021-09-19 16:25:00,,郑州,大孙庄小孙庄涵洞,113.848226,34.737060,超过30公分,积水断行
2021-09-19 16:25:00,,郑州,金岱路拥军路向东至豫一路段,113.736885,34.668195,超过30公分,积水断行
2021-09-19 16:25:00,,郑州,航海路机场高速涵洞,113.796248,34.654470,超过30公分,积水断行
2021-09-19 16:25:00,,郑州,机场高速转航海路北向东闸道口,113.717883,34.720148,超过30公分,积水断行
2021-09-19 16:25:00,,郑州,金岱路,113.733106,34.691663,超过30公分,积水断行
2021-09-19 16:25:00,,郑州,管城三中处京广铁路隧道,113.77,34.63,超过30公分,积水断行
2021-09-19 16:25:00,,郑州,省体中心东门,113.63,34.84,超过30公分,积水断行
2021-09-19 16:25:00,,郑州,长兴路省体西门,113.625710,34.826652,超过30公分,积水断行
2021-09-19 16:25:00,,郑州,农业南阳向西隧道,113.644748,34.789048,超过30公分,积水断行
2021-09-19 16:25:00,,郑州,杨金路辛庄街交叉口杨金路,113.688001,34.598100,超过30公分,积水断行
2021-09-19 16:25:00,,郑州,中州大道北四环桥下涵洞,113.720990,34.414723,超过30公分,积水断行
2021-09-19 16:25:00,,郑州,北四环东四环交叉口向东2公里,113.649325,34.881220,超过30公分,积水断行
2021-09-19 16:25:00,,郑州,东四环京港澳高速下桥双向,113.827960,34.625764,超过30公分,积水断行
2021-09-19 16:25:00,,郑州,敬业路复兴路向北,113.896580,34.734727,超过30公分,积水断行
2021-07-23 16:19:00,,郑州,京广北路隧道,113.654306,34.742698,,积水正以每小时20厘米左右的速度下降
2021-08-31 04:54:00,,郑州,陇海路西四环交叉口向西,113.523415,34.761625,,非机动车道通行受影响，非机动车道通行受影响，可以缓慢通行
2021-08-31 04:54:00,,郑州,陇海路新田大道,113.499424,34.714534,,非机动车道通行受影响，非机动车道通行受影响，可以缓慢通行
2021-08-31 04:54:00,,郑州,西四环高铁桥南侧路西辅道,113.53,34.82,,非机动车道通行受影响，非机动车道通行受影响，可以缓慢通行
2021-08-31 04:54:00,,郑州,建设路西四环一层辅道,113.530812,34.777301,,非机动车道通行受影响，非机动车道通行受影响，可以缓慢通行
2022-07-06 16:03:00,,郑州,西三环主道由南向北方向,113.60,34.79,,积水较深，大量积水
2023-07-29 17:11:00,,郑州,陇海西路新田大道路口,113.504798,34.728670,,有积水车辆通行缓慢
2023-07-29 17:11:00,,郑州,顺河路顺河北街西20米路南,113.685973,34.761702,,有积水车辆通行缓慢
2023-07-29 17:11:00,,郑州,西山路京广铁路涵洞主道,113.648675,34.745803,,有积水车辆通行缓慢
2023-07-29 17:11:00,,郑州,北四环东三环东向西辅道,113.819860,34.841883,,有积水车辆通行缓慢
2023-07-29 17:11:00,,郑州,京广铁路三全路通洞,113.813992,34.584676,,有积水车辆通行缓慢
2023-07-29 17:11:00,,郑州,龙翼四街隧道南北双向,113.754632,34.814820,,有积水车辆通行缓慢
2023-07-29 17:11:00,,郑州,西三环池北路西口道路,113.582829,34.826116,,有积水车辆通行缓慢
2023-07-29 17:11:00,,郑州,雪松路(梧桐街——药厂街),113.556770,34.788926,,有积水车辆通行缓慢
2023-07-29 17:11:00,,郑州,科学大道长椿路东口,113.541827,34.814266,,有积水车辆通行缓慢
2023-07-29 17:11:00,,郑州,三全路(秋棠路——京广铁路通洞),113.596423,34.830578,,有积水车辆通行缓慢
2023-07-29 17:11:00,,郑州,中州大道农业路立交南向北上桥主干道,113.707227,34.785660,,有积水车辆通行缓慢
2023-07-29 17:11:00,,郑州,华夏大道金柳南路转盘处,113.833092,34.697048,,有积水车辆通行缓慢
2023-07-29 17:11:00,,郑州,二七路市民新村北街,113.669194,34.761764,,有积水车辆通行缓慢
2023-07-29 17:11:00,,郑州,龙翼四街隧道,113.750157,34.810134,,有积水车辆通行缓慢
2023-07-29 17:11:00,,郑州,三全路京广铁路涵洞积水,113.648675,34.745803,,有积水车辆通行缓慢
2023-07-29 17:11:00,,郑州,西三环与建设路桥下,113.584942,34.760397,,有积水车辆通行缓慢
2023-07-29 17:11:00,,郑州,西山路京广铁路涵洞,113.648675,34.745803,,有积水车辆通行缓慢
2023-07-29 17:11:00,,郑州,S312京广铁路涵洞,113.648675,34.745803,,有积水车辆通行缓慢
2023-07-29 17:11:00,,郑州,杨金路,113.742024,34.845428,,有积水车辆通行缓慢
2023-07-29 17:11:00,,郑州,江山路北段,113.560707,34.919372,,有积水车辆通行缓慢
2023-07-29 17:11:00,,郑州,北四环东三环,113.556990,34.852531,,有积水车辆通行缓慢
2023-07-29 17:11:00,,郑州,大学南路收费站,113.642812,34.633004,,有积水车辆通行缓慢
2021-09-01 09:14:00,,郑州,陇海路西四环交叉口,113.600350,34.686761,,
2021-09-01 09:14:00,,郑州,陇海路新田大道,113.499424,34.714534,,
2021-09-01 09:14:00,,郑州,西四环高铁桥南侧路西辅道,113.53,34.82,,
2021-09-01 09:14:00,,郑州,建设路西四环一层辅道,113.530812,34.777301,,
2021-09-01 09:14:00,,郑州,西三环池北路向西路,113.582829,34.826116,,
2021-09-01 09:14:00,,郑州,西三环建设路往西路南，水厂门口,113.559795,34.761591,,
2021-09-01 09:14:00,,郑州,扬州路大中原汽车城,113.495035,34.762589,,
2021-09-01 09:14:00,,郑州,科隆路香蒲路,113.556632,34.785902,,
2021-09-01 09:14:00,,郑州,光华大酒店门口,116.46,39.91,,
2021-09-01 09:14:00,,郑州,建设路工农路,113.595869,34.761136,,
2021-09-01 09:14:00,,郑州,长椿路郑州大学新区东门路南,113.535910,34.817077,,
2021-07-22 21:35:00,,郑州,文苑南路与七里河南路交叉路口,113.812549,34.765702,,积水
2021-07-22 21:35:00,,郑州,郑开大道,113.947975,34.781804,,积水
2023-07-30 18:31:00,,郑州,三全路西延京广铁路隧道,113.813992,34.584676,20公分,仍处于封闭状态
2023-07-30 18:31:00,,郑州,西三环北延沿线,113.563160,34.873721,20公分,仍处于封闭状态
2023-07-30 18:31:00,,郑州,西山路京广铁路隧道,113.813992,34.584676,20公分,仍处于封闭状态
2023-07-30 18:31:00,,郑州,梧桐街雪松路口,113.556253,34.792662,20公分,仍处于封闭状态
2023-07-30 18:31:00,,郑州,嵩山南路南水北调桥处,113.628327,34.703474,20公分,仍处于封闭状态
2023-07-30 18:31:00,,郑州,大学南路南水北调桥处,113.649436,34.595896,20公分,仍处于封闭状态
2023-07-30 18:31:00,,郑州,郑平路南水北调桥处,113.724894,34.385856,20公分,仍处于封闭状态
2023-07-30 18:31:00,,郑州,西四环博体路交叉口、中原西路西四环交叉口,113.533125,34.747656,20公分,仍处于封闭状态
2023-07-30 18:31:00,,郑州,紫荆山路南水北调桥处,113.713412,34.649273,20公分,仍处于封闭状态
2021-08-30 21:09:00,,郑州,南三环大学路,113.644920,34.698682,,路面积水严重，路面积水超过半个车轮
2021-08-30 21:09:00,,郑州,国基路中州大道交叉路口,113.681682,34.819468,,路面积水严重，路面积水超过半个车轮
2023-07-30 18:31:00,,郑州,东三环北四环立交桥下,113.782247,34.760829,20公分,积水，长达200米的路段积水
2022-07-03 16:13:00,,郑州,二七路人民公园东门,113.666892,34.761246,20厘米,
2023-09-19 17:49:00,,郑州,西三环翠竹街-西三环三全路双向,113.592879,34.831898,,出现大量积水
2023-09-19 17:49:00,,郑州,雪松路梧桐街-雪松路药厂街双向因,113.555668,34.789818,,出现大量积水
2023-09-19 17:49:00,,郑州,三全路京广铁路涵洞西向东,113.648675,34.745803,,出现大量积水
2023-09-19 17:49:00,,郑州,航海路二十五大街,113.844243,34.712957,,出现大量积水
2023-09-19 17:49:00,,郑州,金岱路（拥军路至豫一路段）,113.736885,34.668195,,出现大量积水
2023-09-19 17:49:00,,郑州,金河路与开元路交叉口,113.629659,34.867266,,出现大量积水
2023-09-19 17:49:00,,郑州,文化路连霍高速下穿涵洞,113.720990,34.414723,,出现大量积水
2023-09-19 17:14:00,,郑州,西三环翠竹街-西三环三全路,113.592879,34.831898,,大量积水
2023-09-19 17:14:00,,郑州,雪松路梧桐街-雪松路药厂街双向,113.555668,34.789818,,大量积水
2023-09-19 17:14:00,,郑州,三全路京广铁路涵洞西向东,113.648675,34.745803,,大量积水
2023-09-19 17:14:00,,郑州,航海路二十五大街,113.844243,34.712957,,大量积水
2023-09-19 17:14:00,,郑州,金岱路（拥军路至豫一路段）,113.736885,34.668195,,大量积水
2023-09-19 17:14:00,,郑州,金河路与开元路交叉口,113.629659,34.867266,,大量积水
2023-09-19 17:14:00,,郑州,文化路连霍高速下穿涵洞,113.720990,34.414723,,大量积水
2023-07-21 14:32:00,,重庆,南岸区四公里积水路段,106.574429,29.512626,,
2019-07-09 16:59:00,,重庆,九龙坡辖区多处路面,106.51,29.50,50公分,
2021-07-12 21:40:00,,重庆,两江新区金山大道的中石油龙洞湾加油站两边,106.525534,29.594117,,道路积水严重，甚至有积水进入加油站，导致交通一度受阻，路面也出现大面积积水，导致车辆堵塞
2021-07-12 21:40:00,,重庆,金山大道的大坡隧道附近路段,110.857138,21.833896,,道路积水严重，甚至有积水进入加油站，导致交通一度受阻，路面也出现大面积积水，导致车辆堵塞
2021-07-16 10:14:00,,重庆,渝南分流道、李家沱百年广场等地,106.542693,29.465065,,出现少量积水，出现少量积水，目前积水已基本清除
2023-04-18 11:58:00,,重庆,渝北城区道路,106.631155,29.718087,30cm以上,
2023-04-18 20:10:00,,重庆,中央公园西站地铁站,113.797157,34.029430,,市民只能踩着防洪沙袋出行
2023-09-20 20:02:00,,重庆,九龙坡区华龙苑小区附近路段,106.450690,29.495499,,出现了积水现象，部分临街铺面也受到了一定影响
2020-08-13 06:57:00,11日17时至13日0时,北京,西客站东西隧道、玉海园东门、毛纺厂路，昌平区育知东路、中滩铁路桥，朝阳区金泰桥、红军营桥,116.41,39.90,30厘米以上,道路交通暂时中断
2020-08-13 06:57:00,11日17时至13日0时,北京,丰台区京周路十中门前（长辛店北口）、张仪村北口、云岗西路、大灰厂路，海淀区南沙窝桥、安宁庄西路、上清桥东南侧,116.211516,39.832209,30厘米以上,道路交通暂时中断
2023-09-11 14:50:00,截至12点,西安,北池头二路和曲江大道立交桥下,108.996312,34.211398,,
2023-09-11 14:50:00,截至12点,西安,新开门北路,108.992611,34.220926,,
2023-09-11 14:50:00,截至12点,西安,长安：长兴南路（皂河路至惠民街段）,108.928019,34.152825,,
2023-09-11 14:50:00,截至12点,西安,曲江：金泘沱公田一路,108.975368,34.181756,,
2023-09-11 14:50:00,截至12点,西安,灞桥：穆将王立交,109.052613,34.251308,,
2023-09-11 14:50:00,截至12点,西安,纺西街纺四路至纺五路,109.069571,34.260253,,
2023-09-11 14:50:00,截至12点,西安,长安：老区委十字到（绿园十字东西双向、樊川路至韦曲北街南北双向）,117.943348,28.181993,,
2023-09-11 14:50:00,截至12点,西安,靖宁路南北双向；新华街长兴北路东西双向至青年北街；绿园十字南北双向至惠民街、东西双向至老区委,108.93,34.15,,
2023-09-11 14:50:00,截至12点,西安,高新：唐延路科技八路隧道口,108.889184,34.205161,,
2023-09-11 14:50:00,截至12点,西安,新城：东二环互助路桥南口,107.361809,27.497701,,
2023-09-11 14:50:00,截至12点,西安,环东路朝阳门隧道,110.584676,35.666354,,
2023-09-11 14:50:00,截至12点,西安,曲江：新开门转盘东侧、龙游南路新开门街,108.993674,34.204709,,
2023-07-31 13:18:00,,北京,京港澳高速阎村段、房山部分路段,116.094505,39.719699,,有积水
2023-07-31 13:18:00,,北京,京港澳高速阎村段：京港澳高速阎村段,116.092357,39.716133,50厘米,有积水
2023-07-31 14:31:00,,北京,丰台、石景山和海淀，丰台丰裕铁路桥、看丹地铁站外道路、云岗西路、南沙窝桥等路段,116.27,39.90,,内涝积水
2023-07-31 14:31:00,,北京,京港澳高速阎村桥、房山区兴良路、良常路、门头沟区109国道、斋幽路、大兴区魏永路支线等多条道路,115.710950,40.055431,,积水断路
2023-07-30 15:39:00,,北京,大兴区X032芦求路k5+100处,116.286967,39.719080,25cm,
2023-07-30 15:39:00,,北京,房山区X008大于路k6+700处发生路面,116.067501,39.675218,27cm,
2023-07-30 15:39:00,,北京,房山区S313岳琉路K11+900处,116.048404,39.601114,60cm,
2023-07-30 15:39:00,,北京,房山区S313岳琉路K9+128处,116.048404,39.601114,30cm,
2023-07-30 15:39:00,,北京,门头沟区X002妙峰山路K14+800处路面,116.047297,40.026455,20cm,
2023-07-31 10:15:00,,北京,房山区城关街道,116.013787,39.705884,20厘米,
2023-07-30 08:16:00,,北京,门头沟高山玫瑰园,115.919689,40.124396,,
2023-07-30 08:16:00,,北京,朝阳区五方桥南侧辅路,116.548420,39.869285,20厘米,
2023-07-29 15:11:00,今天13时至14时,北京,朝阳四元桥站,116.469084,39.972117,,积水路段大约200米，积水已经漫过道牙
2023-07-29 15:11:00,今天13时至14时,北京,曙光西路,116.454013,39.969439,,积水路段大约200米，积水已经漫过道牙
2023-07-31 09:28:00,7月29日下午2时许,北京,海淀区紫竹院街道,116.308787,39.949634,,积水没过脚踝
2023-07-29 15:05:00,今天13时至14时,北京,曙光西路,116.454013,39.969439,,积水路段大约200米，积水已经漫过道牙
2023-07-31 11:44:00,上午,北京,大兴区庞各庄镇一村,116.624830,39.658311,超半米,内涝
2023-08-04 08:32:00,7月31日一大早,北京,大兴区绿茵花园小区,116.341483,39.726917,30多厘米,积水
2023-07-31 14:03:00,今天上午,北京,京港澳高速阎村桥、房山区兴良路、良常路、门头沟区109国道、斋幽路、大兴区魏永路支线等,115.710950,40.055431,,积水断路
2022-07-04 15:01:00,昨天早上5时许,北京,大栅栏地区万福巷15号院,116.312780,39.843956,,不少积水，墙壁上有一排雨水淹过的深色痕迹，达到了小腿肚那么高
2023-07-22 12:18:00,22日8时44分,北京,十里河桥-十八里店桥一线,116.478903,39.841887,40厘米,积水致交通中断
2023-07-30 15:39:00,30日11:32,北京,大兴区X032芦求路k5+100,116.286967,39.719080,25cm,积水
2023-07-30 15:39:00,30日11:32,北京,房山区X026顾八路K2+200,116.014679,39.754107,25cm,道路积水
2023-07-30 15:39:00,30日11:32,北京,房山区X008大于路k6+700,116.067501,39.675218,27cm,道路积水
2023-07-30 15:39:00,30日11:32,北京,房山区S313岳琉路K11+900,116.048404,39.601114,60cm,积水
2023-07-30 15:39:00,30日11:32,北京,房山区S313岳琉路K9+128,116.048404,39.601114,30cm,发生积水
2023-07-30 15:39:00,30日11:32,北京,门头沟区X002妙峰山路K14+800处,116.047297,40.026455,20cm,积水
2023-08-01 17:41:52,,北京,丰台科丰桥,116.288638,39.832871,,积水
2023-07-31 13:45:22,,北京,京港澳高速阎村段、房山部分路段等,116.094505,39.719699,,有积水，路过注意绕行
2023-07-31 13:45:22,,北京,港澳高速阎村段：京港澳高速阎村段（28公里处）,116.161143,39.772067,50厘米,有积水，路过注意绕行
2023-07-31 13:45:22,,北京,房山区：顾八路定府辛庄村西桥下,115.999785,39.674028,50厘米,积水点位
2023-07-31 13:45:22,,北京,城关顾八路东沿村京港澳高速跨线桥,116.110499,39.722586,50厘米,积水点位
2023-07-31 13:45:22,,北京,东沿村京港澳桥下于庄十字路口东,116.27,39.88,50厘米,道路封控积水点位
2023-07-31 13:45:22,,北京,于庄十字路口东道路窦店镇弘安路二街段,116.114699,39.649682,50厘米,道路封控积水点位
2023-07-31 13:45:22,,北京,弘安路二街段道路琉璃河镇琉陶路琉璃河水泥厂桥下,116.048652,39.601314,50厘米,积水点位
2023-07-31 13:45:22,,北京,琉璃河水泥厂桥下琉璃河镇东南召村口,116.043142,39.595588,50厘米,低洼地段积水点位
2023-07-31 13:45:22,,北京,东南召村口低洼地段琉璃河镇李庄铁道桥下,116.003198,39.598652,50厘米,积水点位
2023-07-31 13:45:22,,北京,石景山区金安桥铁路桥下,116.160941,39.924454,50厘米,出现积水，将进行双向断路措施
2023-07-31 13:45:22,,北京,京开高速金星桥黄村狼垡地区狼各庄村榆垡太子务村京九铁路京山铁路下凹桥地区,116.341724,39.519732,50厘米,存在积水隐患
2023-07-31 16:16:04,今天中午12点,北京,丰台丰裕铁路桥、看丹地铁站外道路、云岗西路、南沙窝桥等路段,116.270796,39.895541,,出现内涝积水
2023-07-31 16:16:04,今天中午12点,北京,京港澳高速阎村桥、房山区兴良路、良常路、门头沟区109国道、斋幽路、大兴区魏永路支线等多条道路,115.710950,40.055431,,出现积水断路
2023-07-31 13:46:21,今天中午12点,北京,丰台丰裕铁路桥、看丹地铁站外道路、云岗西路、南沙窝桥等路段,116.270796,39.895541,,出现内涝积水
2023-07-31 13:46:21,今天中午12点,北京,京港澳高速阎村桥、房山区兴良路、良常路、门头沟区109国道、斋幽路、大兴区魏永路支线等多条道路,115.710950,40.055431,,出现积水断路
2023-07-30 21:26:27,7月29日18时40分,北京,1：城关顾八路东沿村京港澳高速跨线桥积水点位2：东沿村京港澳桥下于庄十字路口东道路封控积水点位3：于庄十字路口东道路窦店镇弘安路二街段道路封控积水点位4：弘安路二街段道路琉璃河镇琉陶路琉璃河水泥厂桥下积水点位5：琉璃河水泥厂桥下琉璃河镇东南召村口低洼地段积水点位6：东南召村口低洼地段琉璃河镇李庄铁道桥下积水点位7：李庄铁道桥下,116.77,40.07,,因积水断路
2023-07-30 03:08:33,今天13时至14时,北京,曙光西路,106.226669,27.457855,,由于短时强降雨，部分路段积水严峻。“积水路段大约200米，积水已经漫过道牙。”
2023-07-31 15:43:56,今天中午12点,北京,丰台丰裕铁路桥、看丹地铁站外道路、云岗西路、南沙窝桥等路段,116.270796,39.895541,,出现内涝积水
2023-07-31 15:43:56,今天中午12点,北京,京港澳高速阎村桥、房山区兴良路、良常路、门头沟区109国道、斋幽路、大兴区魏永路支线等多条道路,115.710950,40.055431,,出现积水断路
2023-08-01 00:09:44,7月31日下午,北京,麻峪南街,116.129980,39.934907,,积水较深
2023-07-31 02:32:32,,北京,房山区X026顾八路K2+200处,116.014679,39.754107,,发生道路积水，现场采取道路双向阻断措施，未造成人员伤亡和财产损失
2023-07-31 02:32:32,,北京,大兴区X032芦求路k5+100处,116.286967,39.719080,25cm,发生积水，积水深度25cm，造成下行半幅断路，未造成人员伤亡和财产损失，现场养护人员配合交通支队进行封路
2023-07-31 02:32:32,,北京,房山区X008大于路k6+700处,116.067501,39.675218,27cm,发生路面积水深度27cm，现场采取双向断路措施，未造成人员伤亡和财产损失
2023-07-31 02:32:32,,北京,房山区S313岳琉路K11+900处,116.048404,39.601114,60cm,发生积水，深度60cm，现场采取双向断路措施，未造成人员伤亡和财产损失
2023-07-31 02:32:32,,北京,房山区S313岳琉路K9+128处,116.048404,39.601114,30cm,发生积水，深度30cm，现场采取双向断路措施，未造成人员伤亡和财产损失
2023-07-31 02:32:32,,北京,门头沟区X002妙峰山路K14+800处,116.047297,40.026455,20cm,路面积水，深度20cm，现场采取双向断路措施，未造成人员伤亡和财产损失。
2023-07-31 23:05:00,7月31日中午,北京,一渡镇沈家庵村村委会牌坊,115.683409,39.596753,,少数靠近河岸村民的房子已被淹没
2023-08-07 15:29:00,2023-08-07 15:29·,北京,京广铁路桥,114.204921,30.896083,,大量的积水存在
2022-06-21 18:32:00,6月12日傍晚,北京,园林路段,88.139201,47.856816,1.2米,部分路段内涝
2023-07-31 22:05:00,,北京,前往苏村的道路,116.050693,39.675830,30厘米,已经被积水淹没，人、车无法通行
2023-07-04 17:20:00,2021年7月18日,北京,金安桥铁路桥,116.160941,39.924454,1.8 m,附近金安桥地铁站发生了地铁站倒灌现象
2023-07-31 13:43:00,今天中午12点,北京,丰台、石景山和海淀，丰台丰裕铁路桥、看丹地铁站外道路、云岗西路、南沙窝桥,116.27,39.90,,内涝积水
2023-07-31 13:43:00,今天中午12点,北京,京港澳高速阎村桥、房山区兴良路、良常路、门头沟区109国道、斋幽路、大兴区魏永路支线等,115.710950,40.055431,,积水断路
2023-07-31 15:43:03,7月31日12点,北京,京港澳高速阎村桥、房山区兴良路、良常路、门头沟区109国道、斋幽路、大兴区魏永路支线等多条道路,115.710950,40.055431,,出现积水断路
2023-07-31 12:54:55,7月31日11时,北京,G108京昆线门头沟段潭柘寺隧道出京方向K26+128处,116.071298,39.879439,,路面积水，根据处置需要，现场出京方向采取断路措施
2023-07-31 12:54:55,7月31日11时,北京,房山区X201西环路（城关街道洪寺村）k2+200处,115.968965,39.707244,,路面积水，根据处置需要，现场采取双向断路措施
2023-07-31 12:54:55,7月31日11时,北京,房山区X011顾郑路（石楼镇双孝村）K2+750至K2+825路段,115.978799,39.665149,,路面积水，根据处置需要，现场采取双向断路措施
2023-07-31 12:54:55,7月31日11时,北京,S313岳琉路房山段（琉璃河镇李庄村）K9至K9+168路段,116.003198,39.598652,,路面积水，根据处置需要，现场采取双向断路措施
2023-07-31 12:54:55,7月31日11时,北京,S317京周路房山段（周口店镇顾册村）K44+100处,115.976799,39.678235,,路面积水，根据处置需要，现场采取双向断路措施
2023-07-31 12:54:55,7月31日11时,北京,大兴区X807魏永路支线K0+100路段,116.323924,39.666848,,路面积水，根据处置需要，现场采取双向断路措施
2023-07-31 13:45:36,今天中午12点,北京,丰台、石景山和海淀，丰台丰裕铁路桥、看丹地铁站外道路、云岗西路、南沙窝桥等路段,116.27,39.90,,出现内涝积水
2023-07-31 13:45:36,今天中午12点,北京,京港澳高速阎村桥、房山区兴良路、良常路、门头沟区109国道、斋幽路、大兴区魏永路支线等多条道路,115.710950,40.055431,,出现积水断路
2023-08-12 10:58:27,7月29日到8月2日,北京,京港澳高速主路下琉璃河环岛,116.060451,39.598652,超过1米,
2023-08-09 17:18:28,7月29日,北京,河西地区北宫镇大灰厂路段,116.122130,39.839458,,因强降雨水导致山洪泥石流大面积水毁塌陷、附近墙体倒塌、淤泥积石大量淤积
2023-07-22 11:57:13,今天（7月22日）,北京,十里河桥-十八里店桥一线,116.478903,39.841887,40厘米,现积水，深度最深处40厘米，面积300平方米，积水致交通中断
2023-08-11 13:54:00,7月29日到8月2日,北京,京港澳高速主路下琉璃河环岛的一处收费口,116.060451,39.598652,超过1米,积水
2019-07-22 15:37:00,,成都,益州大道环球中心附近下穿桥,104.063403,30.568744,,
2019-07-22 15:37:00,,成都,绕城高速南往东方向,103.93,30.72,,
2019-07-22 15:37:00,,成都,成龙大道段,104.121945,30.603038,,
2019-07-22 15:37:00,,成都,华西医院附近,104.06,30.64,,
2019-07-22 15:37:00,,成都,剑南大道南一段,104.027044,30.469878,,
2019-07-22 15:37:00,,成都,麓山大道,104.114338,30.481760,,
2019-07-22 15:37:00,,成都,星雅俊园，充电站门口,104.097394,30.621823,,
2019-07-22 15:37:00,,成都,绕城高速双流北出口,103.923420,30.574884,,
2019-07-22 15:37:00,,成都,一环路光明路口,104.097189,30.651498,,淹半个轮胎
2019-07-22 15:37:00,,成都,驿都大道行政学院附近被淹（成都交通运输）,104.170689,30.597115,,淹半个轮胎
2023-06-29 11:19:30,7月4-5日,东莞,企石镇永发路,114.038477,23.045399,20-30cm,积水已经达到人的膝盖位置
2017-09-04 09:49:00,今天上午9时,东莞,东莞阳光网寮步文康三街,113.889268,22.996474,近50厘米,
2017-09-04 09:49:00,今天上午9时,东莞,北环横滘头人行通道,113.733840,23.107589,15公分,
2017-09-04 09:49:00,今天上午9时,东莞,东莞大道市区方向辅道，三元立交桥底,113.752396,23.000757,30公分,
2017-09-04 09:49:00,今天上午9时,东莞,东城西路雍华庭路口,113.768989,23.033000,积水30公分,
2017-09-04 09:49:00,今天上午9时,东莞,环城路东东阳小学,113.976481,23.032156,积水30公分,
2017-09-04 09:49:00,今天上午9时,东莞,黄江环城路,114.013897,22.917710,积水30公分,积水没过车轮
2017-09-04 09:49:00,今天上午9时,东莞,塘厦塘新街涵洞与塘厦水电三局天桥涵,114.101754,22.818440,水深已超过一米,积水没过车轮
2020-05-22 12:05:00,22日早上10时,东莞,1 、环城路，狮龙路出口路段2 、环城路，年丰山庄双方向3 、环城路，志成车行门口积水4 、环城路，温塘桥底，双方向5 、环城路，市人民医院路段，双方向6 、环城路，康怡医院路段7 、环城路，国际公馆路段8 、环城路，泰新立交路段莞城：东门广场西正路迎恩门城楼,113.66,23.00,,
2020-06-01 17:23:00,,东莞,莞长路与长泰路高架桥底,113.774974,22.987295,,
2020-06-01 17:23:00,,东莞,环湖路丰泰花园路段,113.705837,22.853768,,
2023-03-25 18:11:21,3月25日11时56分,东莞,凤岗镇凤深大道,114.132706,22.756709,30到40公分积水,最深处水深有一米左右
2023-09-08 11:45:18,9月8日,东莞,虎门博涌社区,113.671934,22.824244,,积水到胸口
2023-05-25 16:05:02,2023年5月24日上午,广州,黄埔大道人行隧道,113.323777,23.152597,,积水上班族过水难
2023-09-08 07:47:05,,广州,三号线市桥站,113.362892,22.942502,,站外积水较深
2023-09-14 18:13:00,,广州,江高镇珠江东成北四巷2号附近一桥底涵洞,113.217658,23.168576,,
2023-09-08 14:24:04,9月7日夜间到8日早晨,广州,桥城区部分路面,112.849185,24.046163,,积水较深
2023-05-09 21:56:07,,广州,黄埔区,113.480613,23.181355,15厘米以上,
2023-09-08 11:07:03,9月7日夜间,广州,番禺区梅山村,113.388316,23.002932,雨量370.5毫米,
2023-07-21 19:12:50,7月19日,杭州,杭州丁兰路铁路涵洞,120.225065,30.339587,,积水严重，多车被淹
2023-07-20 07:07:26,7月19日晚上,杭州,丁兰路下穿隧道里,120.231123,30.233655,,多辆汽车在积水中趴窝，积水都快没过了车顶
2022-05-18 21:36:00,,杭州,地铁1号线金沙湖站,120.328325,30.310412,,出现大量积水
2021-07-26 09:44:00,凌晨两三点,杭州,上城区艮山东路与同协南路,120.239514,30.287604,,积水较深
2023-07-20 06:12:00,6点20分,杭州,丁兰路下穿道,120.225065,30.339587,25—30厘米,
2021-07-24 16:40:00,早上10点左右,杭州,江东路,120.507672,30.301127,,出现积水
2021-07-24 16:40:00,早上10点左右,杭州,艮山西路401号,120.188433,30.273108,,积水
2021-07-24 16:40:00,早上10点左右,杭州,临平望梅高架下路段,120.26,30.42,,有积水
2021-07-24 16:40:00,早上10点左右,杭州,临平沿山路雍熙山庄门口,120.295697,30.422933,,出现积水
2021-07-24 16:40:00,早上10点左右,杭州,进化镇上鹿鸣社区,120.299163,30.010231,20公分左右,出现积水
2022-08-25 21:30:00,,杭州,闸弄口天城路机场路,120.203363,30.298797,,积水
2022-08-25 21:30:00,,杭州,石桥路6号下游位置,120.197565,30.292993,,积水
2022-08-25 21:30:00,,杭州,建国北路与永康巷路路口,120.179646,30.273058,,积水
2020-06-28 08:51:00,,合肥,合肥市经开区大学城区域,117.220453,31.767184,,
2020-06-28 08:51:00,,合肥,合掌路与紫云路区域,117.200830,31.751273,,
2020-06-28 08:51:00,,合肥,集贤路与方兴大道交口区域,117.243678,31.725119,,
2018-03-16 14:20:00,昨天下午5点,合肥,合肥市祁门路与怀宁路交口,117.222865,31.808502,,
2018-03-16 14:20:00,昨天下午5点,合肥,合肥市合作化路和南二环交口，潜山路和习友路交口，祁门路从潜山路到绿洲路东路，庐州大道祁门路交口西,117.296697,31.800172,,
2018-03-16 14:20:00,昨天下午5点,合肥,金寨路高架祁门路段南北双向,117.20,39.15,深约20公分,
2018-03-16 14:20:00,昨天下午5点,合肥,宿松路下穿高速路口、宿松路南门换乘中心、姚公路与祁门路交口,117.250250,31.809320,20CM积水,
2023-07-29 12:47:21,7月28日傍晚,济南,东圩子壕等河道,117.01,36.62,,大水将不少车辆淹熄火
2023-07-30 01:35:54,7月28日至29日,济南,天桥区生产路沿线,117.015126,36.682856,,积水已经退去
2023-07-28 20:53:00,截至28日20:00,济南,市中区党西村铁路立交,116.889240,36.582077,,
2023-07-28 20:53:00,截至28日20:00,济南,天桥区三孔桥北坦立交桥,117.009004,36.674990,,
2023-07-28 20:53:00,截至28日20:00,济南,生产路立交桥,116.279301,36.163815,,
2023-07-28 20:53:00,截至28日20:00,济南,北关北路铁路桥,117.020041,36.681880,2.41米,
2023-07-28 20:53:00,截至28日20:00,济南,蓝翔路铁路立交,116.956961,36.705325,2.46米,
2023-07-28 20:53:00,截至28日20:00,济南,太平大道高速公路立交道路,117.145224,36.757971,2.46米,
2020-07-17 07:27:00,,南京,和凤镇张家社区,118.914598,31.554282,,部分房屋因石臼湖涨水被淹
2016-07-01 18:49:00,,南京,河西万达广场附近的集庆门大街路段,118.739580,32.028573,,积水差不多可以淹没整个脚掌
2022-05-07 12:55:00,,南京,六合区雄州街道冶浦社区龙海骏景园,118.867748,32.336870,,积水严重
2023-07-20 06:44:18,7月19日下午,南京,玄武区红山南路,118.802374,32.087375,,积水严重
2023-07-18 08:42:18,7月17日,南京,栖霞大道,118.884024,32.133362,,积淹水严重路段及时进行抢险排涝，保障市民早高峰顺畅通行
2023-07-18 08:42:18,7月17日,南京,汤山街道,119.059365,32.057348,,积水较深
2023-07-18 08:42:18,7月17日,南京,玄武区，华飞路与恒嘉路路口、墨香路与营苑南路路口,118.834566,32.103925,,出现积水
2023-07-18 08:42:18,7月17日,南京,南京国际博览中心周边,118.715898,31.993044,,出现了积水
2023-07-20 01:53:57,7月19日下午,南京,玄武区仙岔路路口,118.871833,32.093318,,积水严峻，车辆注意绕行
2023-07-20 01:53:57,7月19日下午,南京,珠江路丹凤街至中山路段,118.794674,32.053801,,有积水，请车辆减速慢行或绕行
2023-07-20 01:53:57,7月19日下午,南京,扬子江大道南北双向河西大街涵洞,118.729186,31.990864,,有积水
2023-07-20 01:53:57,7月19日下午,南京,扬子江大道绿博园段,118.716735,32.024161,,有积水
2023-07-20 01:53:57,7月19日下午,南京,河西大街黄山路东南口,118.735056,31.997627,,有积水
2023-07-20 01:53:57,7月19日下午,南京,升州路,118.779099,32.026209,,有积水
2023-07-20 01:53:57,7月19日下午,南京,雨花东路,118.786437,31.997864,,有积水
2023-07-20 01:53:57,7月19日下午,南京,凤台路,118.768536,32.022774,,有积水
2023-07-20 01:53:57,7月19日下午,南京,校场大道苏家桥路路口辅道,118.803416,31.983460,,积水严峻
2023-07-20 01:53:57,7月19日下午,南京,中华路路面,118.783138,32.017244,,有积水
2023-08-22 17:48:31,8月22日,南京,玄武区北安门街,118.819403,32.053889,,积水太深
2023-08-22 17:48:31,8月22日,南京,富贵山小区,118.820085,32.050137,,一片汪洋，雨水一时难以流掉，整个区域积水十分严重
2023-07-20 15:00:06,7月19日下午5点,南京,小粉桥路口,118.783069,32.052159,30厘米,
2023-07-20 15:00:06,7月19日下午5点,南京,南京大学校门东侧,118.796624,32.059344,30厘米,积水数次冲到电箱脚下
2023-07-20 15:00:06,7月19日下午5点,南京,广州路和中山路交叉口,118.784012,32.050364,30厘米,多辆消防车紧急抽水
2023-07-20 06:51:45,7月19日15时31分,南京,广州路,118.770021,32.049818,,积水严重
2023-07-20 06:51:45,7月19日15时31分,南京,珠江路与广州路交叉路口，广州路西路段,118.803993,32.052976,,目前路段水位没到脚踝以上
2023-06-24 14:29:15,6月24日,上海,潘泾路陈川路南侧200米,121.335135,31.476778,,对涉水车辆及被困人员进行施救
2023-07-21 20:33:06,今天下午,上海,沪宁铁路光新路人行地道,121.469813,31.246544,1.2米,
2023-07-21 20:33:06,今天下午,上海,沪宁铁路祁连山路地道,121.379973,31.300280,0.56米,
2023-09-05 11:56:04,,上海,普陀区山姆会员店（真如店）,121.382456,31.315245,,内部产生了大量积水
2023-09-08 07:36:00,凌晨两点左右,深圳,福田区南园街道,114.092732,22.536307,,积水
2023-09-08 07:36:00,凌晨两点左右,深圳,福田南园街道东园路,114.102534,22.537536,60公分左右,路中间的铁栅栏已被水完全淹没
2018-06-07 11:21:00,6月6日下午,深圳,金融海涛路,114.234584,22.549527,,一辆小型轿车因积水无法行驶
2023-05-07 13:54:34,,深圳,洲石路鹤州桥底路段,113.862878,22.625424,,因降雨导致路面积水，目前交通中断
2016-08-07 08:31:00,,天津,东风地道；东兴地道 ；五经路地道,117.778489,39.218171,,
2016-08-07 08:31:00,,天津,金钟地道、新开路地道；北站地道,117.22,39.14,,
2016-08-07 08:31:00,,天津,张自忠路下沉段；宾水地道；迎水地道；南门外慎益大街(北向南),117.18,39.13,,
2016-08-07 08:31:00,,天津,雪莲南路京山铁路地道,119.308671,39.665557,,
2016-08-07 08:31:00,,天津,南开区南门外大街和福安大街交口、西马路和北城街交口、咸阳路一线；黄河道和密云路交口,117.126978,39.141510,,
2016-08-07 08:31:00,,天津,迎水道和苑东路交口；河北区黄纬路和河北五马路交口、增产道和王串场五号路交口；河东区六纬路八经路交口，崂山道一线,117.228014,39.158433,,
2016-08-07 08:31:00,,天津,苑中路和迎水道交口、海河东路国泰桥下,117.150115,39.093831,,
2016-08-07 08:31:00,,天津,中山门桥下环岛,117.255125,39.108392,,
2016-08-07 08:31:00,,天津,津塘路和大桥道交口,117.248824,39.108957,,
2016-08-07 08:31:00,,天津,和平区曲阜道由大沽北路向建设路方向,117.214826,39.117604,,
2016-08-07 08:31:00,,天津,同安道由气象台路到卫津路一段,117.185999,39.101503,,
2016-08-07 08:31:00,,天津,河西区环湖中路和环湖中道交口,117.185769,39.084677,,
2016-08-07 08:31:00,,天津,隆昌路和爱国道交口,117.220283,39.096367,,
2016-08-07 08:31:00,,天津,开发区塘沽的沿海高速桥下的泰达大街,117.684761,39.042250,,
2016-08-07 08:31:00,,天津,河东八纬路和大桥道交口,117.243500,39.107766,,
2016-08-07 08:31:00,,天津,解放南路由外环线到郁江桥一段,117.232126,39.079932,,
2023-07-22 04:56:07,5时至10时,天津,东丽区东丽湖街,117.490904,39.180936,56.2毫米,
2023-06-28 17:39:46,28日10时至14时,天津,北辰区大张庄南王平,117.215849,39.337542,102.5毫米,
2023-06-28 17:39:46,28日10时至14时,天津,北辰区大张庄南王平中心城区,117.215849,39.337542,71.6毫米,
2023-06-28 17:39:46,28日10时至14时,天津,河北区北宁湾次,117.213186,39.183619,50.7毫米,
2023-06-28 17:39:46,28日10时至14时,天津,河北区,117.196874,39.148018,45.5毫米,
2023-06-28 15:47:00,15:10,天津,，普济河道地道、周李庄桥洞、辛口木厂桥洞、西青区S245武静线隐贤村地道,117.040034,39.159230,,
2023-06-28 15:47:00,15:10,天津,红桥子牙河南路（西横堤辅路至红桥法院正门）,117.133152,39.168906,,
2023-06-28 15:47:00,15:10,天津,西青津浦铁路华能发电厂涵洞、辛老路周李庄地道,117.011791,39.079740,,
2023-06-28 15:47:00,15:10,天津,红桥天平桥地道、河北仓联庄地道、西青104地道因,117.16,39.16,,
2016-07-21 18:16:00,截至今天16时,天津,平区大沽桥下沉段、北安桥下沉段；河东区东风地道、成林地道、雪莲南路地道；河北区南口路地道、海河东路大沽桥下沉段；红桥区罗浮路地道段、团结地道段；南开区张自忠路下沉段、密云一支路涵洞；滨海新区塘沽建材路、华阳检测线；滨海新区大港中塘镇万安路延长线薛卫台涵洞；东丽区东堼京山铁路地道、雪莲南路京山铁路地道；北辰区铁东路丰产河涵洞、北辰开发区温家房子涵洞；西青区104铁道路涵洞,117.42,39.05,,
2018-07-24 07:53:00,,天津,新开地道、普济河道桥下天关北路地道、南口路地道、金钟地道,117.187761,39.180948,,
2018-07-24 07:53:00,,天津,雪莲南路地道、东兴桥下地道、光华桥下地道、直沽桥河东一侧下沉段、东风地道,117.230620,39.109200,,
2018-07-24 07:53:00,,天津,北站地道,117.21,39.17,,
2018-07-24 07:53:00,,天津,罗浮路地道、快速路天平桥南向西匝道,117.14,39.19,,
2018-07-24 07:53:00,,天津,宾水西道地道、复康路铁路涵洞,117.15,39.08,,
2018-07-24 07:53:00,,天津,军粮城大街地道、驯海路地道，民族地道，军粮城示范镇地道,117.453248,39.055616,,
2018-07-24 07:53:00,,天津,丽江道地道、辛口镇周里庄涵洞，104铁路立交涵洞,116.24,39.95,,
2018-07-24 07:53:00,,天津,北辰区津汕铁道丰产河涵洞、韩家墅地道、景明路津蓟高速跨线桥涵洞,117.345028,39.656606,,
2018-07-25 12:41:00,截至25日11:45分,天津,普济河道地道,117.196266,39.194391,积水2米,
2018-07-25 12:41:00,截至25日11:45分,天津,南口路地道,117.187761,39.180948,积水1.4米,
2018-07-25 12:41:00,截至25日11:45分,天津,程林庄地道,117.303463,39.138038,积水4米,
2018-07-25 12:41:00,截至25日11:45分,天津,西营门地道,117.139468,38.993078,积水2米,
2018-07-25 12:41:00,截至25日11:45分,天津,武静路隐贤村地道,117.040034,39.159230,积水2米,
2018-07-25 12:41:00,截至25日11:45分,天津,宝坻环线唐通地道,117.356939,39.684639,积水1.5米,
2018-07-25 12:41:00,截至25日11:45分,天津,林大公路泵站地道,117.35,39.15,积水1.5米,
2018-07-25 12:41:00,截至25日11:45分,天津,西青区罗浮路地道,117.114476,39.153387,积水1.5米,
2018-07-08 09:19:00,,天津,宾西地道，宾水道肿瘤医院路段、万卉路与卉康道交口,117.090756,39.115701,,
2018-07-08 09:19:00,,天津,华苑西路往俊城浅水湾方向（857路阳光100公交站）,117.155018,39.065991,,
2019-04-26 14:53:00,,天津,东丽区满江东道由昆仑路到祁连路交口附近,117.284487,39.158664,,
2019-04-26 14:53:00,,天津,香缇花园小区门口处,117.121411,39.053728,,积水淹没了半个车轮
2020-06-24 08:31:00,,天津,荣业大街（闸口路至慎益大街路段）、慎益大街（和平路至南门外大街路段）、湖北路（南京路至唐山道路段）、保定道（河北路至解放北路段）、山西路（营口道至南京路段）、河北路（营口道至南京路段）、新华路（南京路至营口道段）、建设路（徐州道至浙江路段）、浙江路（曲阜道至建设路段）、台儿庄路（大连道至沧州道段、彰德道至开封道段）、赤峰道（大沽北路至新华路段）、营口道（新华路至吉林路段）、哈尔滨道（大沽北路至新华路段）、滨江道（和平路至新华路段）、锦州道（和平路至新华路段）,117.200707,39.117867,30公分,
2020-06-24 08:31:00,,天津,地道涵洞为大沽桥下（津塔掉头弯道至吉林路段）,116.45,39.92,积水100公分,
2021-10-05 10:33:00,10月4日20时17分,天津,静海区府君庙地道，东丽区香港路地道,117.062520,38.838971,,
2021-10-05 10:33:00,10月4日20时17分,天津,蓟州区洇溜镇桃园村火车涵洞,117.395167,40.003569,,
2021-10-05 10:33:00,10月4日20时17分,天津,滨海新区新港四号路辅路华洋检测线门前,117.750444,38.999853,,
2020-07-07 16:10:00,6日早晨6,武汉,南湖大道澜花语岸门口,114.343994,30.480446,,路面的积水已经没过小腿
2017-01-05 20:23:00,今天上午,武汉,洪山区喻家湖路,114.426267,30.515552,,有多个下水井高处路面，雨水通排不畅，导致路面积水
2017-01-05 20:23:00,今天上午,武汉,虹景花园小区门口,114.423345,30.509911,超过3厘米,有多个下水井高处路面，雨水通排不畅，导致路面积水
2016-06-01 09:46:00,,武汉,光谷大道三环线上、民族大道水蓝郡、后官湖大道车城西路、宁康路车城西路、沌阳大道车城西路、车城大道车城西路；小车不能通行路段：雄楚大街石牌岭往公安厅方向BRT辅道、街道口流行视窗、书城路文汇街路口、江城大道春晓路、博学路打鼓渡桥,114.143351,30.490304,,渍水严重
2023-06-20 09:00:23,18日20时32分至22时08分,武汉,江夏区纸金公路郑新段，新洲区阳逻街武商量贩店，洪山区雄楚大道珞雄路口、珞喻路中州大厦、卓刀泉北路省疾控中心、雄楚大道交通职业学院段、白沙洲大道工商学院，武昌区卓刀泉北路八一路口,114.381191,30.516001,,轻度积水
2023-06-20 09:00:23,18日20时32分至22时08分,武汉,江夏区武昌大道和平农庄涵洞,114.388357,30.035779,,较深积水
2023-06-20 09:00:23,18日20时32分至22时08分,武汉,东湖高新区民族大道新竹路口,114.40,30.49,,出现积水
2020-06-29 18:45:00,早上8点,武汉,武昌区紫阳东路,114.320492,30.531774,,积水比较深
2021-08-13 14:35:00,8月13日8时,武汉,汉阳区玉龙路、东湖风景区八一路阳光路口、东湖高新区民族大道新竹路口、江夏区江夏大道北华街、经开区经开大道枫林五路、枫林六路,114.39,30.46,,出现浅层积水
2023-09-12 14:24:06,2023年9月11日上午,西安,长安区的韦曲老街,108.945561,34.158393,,有商户被洪水冲倒
2023-09-11 22:12:48,9月11日上午,西安,北池头二路和曲江大道立交桥下,108.996312,34.211398,,有车辆被淹，一度无法通行
2023-07-12 13:44:26,昨天（7月11日）,西安,曲江新区大唐芙蓉园西门的丁字路口,108.968095,34.211623,,导致积水基本没过脚踝
2022-07-19 09:27:00,截至8:00,西安,曲江：踏青路,109.003489,34.176904,,实行临时交通管制
2022-07-19 09:27:00,截至8:00,西安,黄渠头二路长鸣路丁字,109.043491,34.196973,,向南半幅封路
2022-07-19 09:27:00,截至8:00,西安,未央：北三环师道口涵洞,108.877806,34.346187,,涵洞两侧已封闭
2022-07-19 09:27:00,截至8:00,西安,石化大道北徐十字,108.864475,34.322447,,涵洞两侧已封闭
2022-07-19 09:27:00,截至8:00,西安,长安：西部大道靖宁路十字,108.919562,34.164128,,涵洞两侧已封闭
2022-07-19 09:27:00,截至8:00,西安,常宁大街财经学院门口,108.920823,34.206794,,涵洞两侧已封闭
2023-09-11 14:51:00,,西安,长安：老区委十字到（绿园十字东西双向、樊川路至韦曲北街南北双向）,108.93,34.16,,暂时封闭
2023-09-11 14:51:00,,西安,靖宁路南北双向；新华街长兴北路东西双向至青年北街；绿园十字南北双向至惠民街，东西双向至老区委,108.93,34.15,,暂时封闭
2023-09-11 14:51:00,,西安,1、曲江：西影路西延路十字 、雁塔北路育才路十字西北角 、雁翔路理工大校区门口、南三环曲江十字东南角，西北角、芙蓉西路芙蓉南路十字、西影路雁翔路十字、统院丁字 、南三环雁塔南路北口、南三环芙蓉西路北口、西延路后村西路、雁塔南路雁南三路、雁塔南路雁展路、雁翔路青龙路丁字、北池头一路芙蓉东路井盖冒水、西影路乐游路口井盖冒水，已上报井盖公司。2、碑林：太乙立交桥下、南稍门十字、兴庆桥下、南大街、友谊东路太乙路积水、均已上报市政。3、雁塔：纬二街十字积水，已上报市政。4、高新：西太路大良村、西太路雷甘路积水,108.959855,34.226726,,暂时封闭
2019-08-03 11:41:00,8月2日晚,西安,银河坊路,108.976351,34.292539,,
2019-06-21 17:12:00,,西安,水安路绕城高速桥下西侧，八公司场站北铁塔处,108.84,34.19,约10-15厘米,
2019-06-21 17:12:00,,西安,唐都医院门前新寺路,109.063387,34.284897,约10-15厘米,
2019-06-21 17:12:00,,西安,纺南路纺西街丁字路面,109.040108,34.251265,约10-15厘米,
2019-06-21 17:12:00,,西安,纺建路新医路十字路面,109.063205,34.276324,约10-15厘米,
2019-06-21 17:12:00,,西安,东三环官厅立交桥下南向北辅道,109.052071,34.289069,约10-15厘米,
2019-06-21 17:12:00,,西安,西部大道与靖宁路十字西南处、皂河路延安大学处、南长安街申店渡街,108.943093,34.139378,约10-15厘米,
2019-06-21 17:12:00,,西安,东城大道与柳虹路丁字口,109.062976,34.299755,约10-15厘米,
2020-05-07 18:18:00,,西安,曲江辖区：曲江收费站、北广场西向东、雁翔路与金犊路十字、雁南二路芙蓉西路十字西南角、芙蓉园西门、 雁翔路与岳家寨一路十字,109.000481,34.220824,,
2020-05-07 18:18:00,,西安,长安辖区：郭杜仓台路南段路,108.869789,34.160655,,
2020-05-07 18:18:00,,西安,西部大道靖宁路十字南路,108.919562,34.164128,,
2020-05-07 18:18:00,,西安,未央辖区：北三环罗高路十字，绕城高速桥下,108.894628,34.326152,,
2023-09-19 15:57:00,（9月19日）7时至13时,西安,碑林：南稍门十字南。二、高新：1.东大罗汉洞村。2.西户路王渭村，和西太路大良村。3.白沙路科技路西北角。4.支队十字西南角。5.太白南路科创路南向北公交站。三、曲江：1.新开门转盘东边曲江池北路。2.长明路登高路丁字。四、莲湖：昆明路四号桥团结南路。五、经开：1.未央路凤城二路西向东。2.凤城七路开元路至未央路段西向东。六、长安：1.西部大道靖宁路。2.老区委十字。3.郭杜北街。4.东长安街包茂高速桥下。七、港浐：1.灞耿路陇海铁路桥。2.西韩公路。八、灞桥：唐都医院门口。九、西咸：1.镐京大道。2.天台路与天台七路丁字口以南。3.天台七路。4.丰业大道祥云物流门口。5.后卫寨转盘往北天章大道桥下。6.天章大道绕城桥下。7.奥兴路与世纪大道十字辅道。8.拥军路桥下。管制信息一、高新：雷甘路与西太路交叉路口。二、长安：1.苍台路积水。2.顺兴路朱雀市场。3.学府大街与郭杜南街丁字口。4.建业二路海亮熙悦段。5.西部大道靖宁路南北双向。6.长兴南路惠民街。三、曲江：航天中路韦曲老街。四、高陵：泾吴涵洞已封闭。五、灞桥：纺园一路（灞柳二路与灞三路段）。六、西咸：1.后卫寨转盘往北天章大道桥下。2.天章大道绕城桥下。3.拥军路桥下,116.37,39.94,约20cm,积水
2023-06-04 13:08:00,11:30,西安,渭阳路泾高北路,109.018976,34.514381,,积水双向闭路段
2023-06-04 13:08:00,11:30,西安,尚宏路辅道北向南,108.916158,34.382492,,因积水封闭
2023-06-04 13:08:00,11:30,西安,吉兴路渭环东路南北方向,109.024700,34.515084,,双向封闭
2023-06-04 13:08:00,11:30,西安,纺渭路铁路桥,109.073179,34.289828,,因积水双向封闭
2023-06-04 13:08:00,11:30,西安,元朔大道京昆高速桥下,108.930848,34.369249,,因积水封闭
2023-06-04 13:08:00,11:30,西安,渭路罗百寨桥下,109.080556,34.411708,,因积水持续封控
2023-06-04 13:08:00,11:30,西安,西韩路陇海铁路桥下,109.077604,34.315458,,因积水双向封闭
2023-06-04 13:08:00,11:30,西安,泾吴涵洞,108.981595,34.471906,,因积水已封闭
2023-06-04 13:08:00,11:30,西安,罗汉洞村口北侧辅道,109.124681,34.348815,,积水
2023-06-04 13:08:00,11:30,西安,新关路桥西村,109.208757,34.510887,,积水严重一侧临时封闭禁止通行
2023-06-04 13:08:00,11:30,西安,人民北路火车涵洞东向西方向,116.48,39.94,,因积水较深已管制
2023-06-04 13:08:00,11:30,西安,灞河大道蓝田段与灞桥交界高速路桥下,109.070719,34.307944,,因积水已管制
2023-07-13 11:25:00,今早07:30,西安,西部大道靖宁路十字,108.919562,34.164128,,有积水
2023-07-13 11:25:00,今早07:30,西安,香积大街,108.864101,34.128551,,积水
2023-07-13 11:25:00,今早07:30,西安,学府大街郭杜南街,108.862000,34.155058,,有积水
2023-07-13 11:25:00,今早07:30,西安,大庆路桃园路十字西300米,108.901069,34.264899,,有积水
2023-07-13 11:25:00,今早07:30,西安,莲湖快速干道下桥向西方向,108.80,34.12,,有积水
2023-07-13 11:25:00,今早07:30,西安,环山路罗汉洞,108.783701,34.028140,,有积水
2023-07-11 17:49:00,,西安,大雁塔北广场，雁南一路-翠华路十字，雁塔南路全段，文丰一街、二街、三街，西影路-乐游路，慈恩西路慈恩路口，芙蓉西路芙蓉东路，雁塔北路育才路，曲江宾馆西边雁展路,108.962353,34.191410,,积水
2023-06-08 10:20:00,6月6日15时,西安,航天西路,108.955362,34.160863,超20厘米,
2023-06-08 10:20:00,6月6日15时,西安,航天星苑小区,108.956868,34.152899,超20厘米,
2018-06-26 09:38:00,（6月26日）8时,西安,兴庆路,108.988134,34.255682,,积水较大
2018-06-26 09:38:00,（6月26日）8时,西安,黄雁村十字西南角,108.929554,34.239085,,积水较多
2018-06-26 09:38:00,（6月26日）8时,西安,南稍门十字南侧南向北,108.95,34.24,,积水较多
2018-06-26 09:38:00,（6月26日）8时,西安,环城南路世纪金花北门,108.950447,34.249805,,少量积水
2018-06-26 09:38:00,（6月26日）8时,西安,纬二街东南角、电子正街电子二路,108.920435,34.211981,,有少量积水
2018-06-26 09:38:00,（6月26日）8时,西安,新医路新寺十字、东三环官厅立交由南向北辅道,109.053134,34.294161,,有积水
2018-06-26 09:38:00,（6月26日）8时,西安,纺西街近堡子村十字南向北车道,109.056343,34.274596,,积水逐渐加深
2018-06-26 09:38:00,（6月26日）8时,西安,青年北街与韦曲北街丁字,108.941627,34.161452,,积水
2018-06-26 09:38:00,（6月26日）8时,西安,长安路雁环路口,108.942601,34.225014,,积水严重
2018-06-26 09:38:00,（6月26日）8时,西安,长安路军警路口,108.942601,34.225014,,积水严重
2018-06-26 09:38:00,（6月26日）8时,西安,电子正街丈八东路十字西南角,108.904719,34.198435,,少量积水
2018-06-26 09:38:00,（6月26日）8时,西安,电子一路永松路,108.922858,34.223712,,有少量积水
2018-06-26 09:38:00,（6月26日）8时,西安,朱雀大街长安西路,108.934780,34.191428,,积水
2020-07-30 20:47:00,当晚19:30,西安,大雁塔灯具城,108.964483,34.223242,50cm,
2020-07-30 20:47:00,当晚19:30,西安,西影路阳光小区,109.007322,34.237997,40cm,
2020-07-30 20:47:00,当晚19:30,西安,小寨十字积水,108.326414,34.139229,25cm,
2020-07-30 20:47:00,当晚19:30,西安,雁塔路育才路口,108.963060,34.226606,25cm,
2020-07-30 20:47:00,当晚19:30,西安,太乙路立交,108.971721,34.233527,50cm,
2020-07-30 20:47:00,当晚19:30,西安,南稍门十字,108.946829,34.271013,30cm,
2020-07-30 20:47:00,当晚19:30,西安,长安路立交,108.949273,34.229929,87cm,
2020-07-30 20:47:00,当晚19:30,西安,汉城路陇海路下穿,108.871853,34.275238,50cm,
2020-07-30 20:47:00,当晚19:30,西安,雁塔路立交,108.968539,34.232085,50cm,
2020-07-30 20:47:00,当晚19:30,西安,大兴西路,108.871673,34.286602,30cm,
2020-07-30 20:47:00,当晚19:30,西安,西稍门十字,108.911260,34.259282,25cm,
2020-07-30 20:47:00,当晚19:30,西安,西二环陇海路下穿,108.89,34.27,100cm,
2020-07-30 20:47:00,当晚19:30,西安,半坡博物馆,109.050812,34.273399,40cm,
2020-07-30 20:47:00,当晚19:30,西安,丈八北路大寨路,108.866758,34.245156,30cm,
2020-07-30 20:47:00,当晚19:30,西安,雁塔区鱼跃路,108.830877,34.241608,20cm,
2020-07-30 20:47:00,当晚19:30,西安,富源四路、富源三路,108.820612,34.242470,30cm,
2020-07-30 20:47:00,当晚19:30,西安,北绕城罗高路下穿,108.894628,34.326152,100cm,
2020-07-30 20:47:00,当晚19:30,西安,万寿路爱学路口,109.014272,34.268155,30cm,
2023-06-02 11:53:00,（6月2日）9时,西安,东大街建国路南口和斑马线,108.966980,34.252125,,有积水
2023-06-02 11:53:00,（6月2日）9时,西安,幸福路北口万寿路北口,109.014272,34.268155,,有积水
2023-06-02 11:53:00,（6月2日）9时,西安,靖宁路,108.919562,34.164128,,积水严重
2023-06-02 11:53:00,（6月2日）9时,西安,韦曲北街靖宁路，樊川路、西太线,108.919562,34.164128,,路面少量积水
2023-09-11 13:31:00,2023年9月11日11时00分,西安,长兴南路（皂河路至惠民街段）,108.940877,34.149426,,积水严重
2023-09-11 13:31:00,2023年9月11日11时00分,西安,金泘沱公田一路,108.975368,34.181756,,积水严重
2023-09-11 13:31:00,2023年9月11日11时00分,西安,穆将王立交,109.052613,34.251308,,积水严重已管控
2023-09-11 13:31:00,2023年9月11日11时00分,西安,东二环互助路桥南口,108.991644,34.259766,,积水严重
2023-09-11 13:31:00,2023年9月11日11时00分,西安,新开门转盘东侧、龙游南路,108.993674,34.204709,,积水
2023-09-11 13:31:00,2023年9月11日11时00分,西安,乐游北路,108.967732,34.226134,,积水
2023-06-05 17:05:00,6月4日下午,西安,二马路,108.951306,34.282676,,道沿下方积水较深
2023-06-05 17:05:00,6月4日下午,西安,二马路与向荣巷交叉口,108.950558,34.282704,,积水没过脚面
2023-06-04 09:43:00,9时,西安,107省道罗汉洞村口,108.788944,34.023233,,有积水
2023-06-04 09:43:00,9时,西安,新关路桥西村,109.208757,34.510887,,积水严重
2023-07-12 13:36:00,（11日）下午4时,西安,曲江新区大唐芙蓉园西门,108.968095,34.211623,,积水基本没过脚踝
2023-10-24 15:34:00,10月23日下午,西安,下马陵2号院,108.961426,34.252289,,积水
2023-10-24 15:34:00,10月23日下午,西安,下马陵与东仓门交叉口,108.960994,34.252098,,积水
2023-10-24 15:34:00,10月23日下午,西安,东仓门社区服务站,108.960220,34.252196,,积水
2023-09-11 16:05:47,2023年9月11日11时00分,西安,长安区韦曲老街,108.945561,34.158393,,积水严重
2023-09-11 13:35:29,2023年9月11日11时00分,西安,1、灞桥：穆将王立交积水严重已管控；纺西街纺四路至纺五路段管制。2、长安：老区委十字到（绿园十字东西双向、樊川路至韦曲北街南北双向）；靖宁路南北双向；新华街长兴北路东西双向至青年北街；绿园十字南北双向至惠民街、东西双向至老区委、以上路段均已交通管制。3、高新：唐延路科技八路隧道口封闭。4、新城：东二环互助路桥南口积水严重、双向已管控；环东路朝阳门隧道南向北已管控。5、曲江：新开门转盘东侧、龙游南路新开门街均管制、乐游北路丁字已交通管制，并对沿线车辆进行劝返,109.063761,34.264383,,
2023-09-11 13:35:29,2023年9月11日11时00分,西安,1、曲江：西影路西延路十字、雁塔北路育才路十字西北角、雁翔路理工大校区门口、南三环曲江十字东南角、西北角、芙蓉西路芙蓉南路十字、西影路雁翔路十字、统院丁字、南三环雁塔南路北口、南三环芙蓉西路北口、西延路后村西路、雁塔南路雁南三路、雁塔南路雁展路、雁翔路青龙路丁字、曲江池北路汉华城门前、芙蓉西路雁南四路、北池头二路立交桥下、北池头一路芙蓉东路、西影路乐游路口。2、碑林：友谊东路太乙路、太乙立交桥下-建设路丁字、铁路新村主道、友谊路-测绘西路口、兴庆桥下、建国路-东大街十字、朱雀门-南门西向东隧道上面、南稍门十字东边北向南北边、环城南路-振兴路、友谊西路西工大、雁塔北路李家村。3、雁塔：纬二街十字、小寨十字、翠华路兴善寺东街、朱雀大街南三环十字、朱雀大街健康路十字、朱雀大街青松路口、吉祥路商业街段、雁展路汇新路丁字、西沣三路、电子正街唐园小区门口。4、高新：西太路大良村、西太路雷甘路、科技路白沙路、科技二路高新二路。,108.959855,34.226726,,
2023-09-11 13:35:29,2023年9月11日11时00分,西安,长安：长兴南路（皂河路至惠民街段）,108.93,34.15,,积水严重已双向管制
2020-07-11 08:23:00,7月10日14时30分至19时00分,西安,东二环陇海线下穿,108.923439,34.277370,60cm,
2020-07-11 08:23:00,7月10日14时30分至19时00分,西安,北二环文景路立交,108.936880,34.309168,100cm,
2020-07-11 08:23:00,7月10日14时30分至19时00分,西安,凤城五路下穿,108.951190,34.329958,40cm,
2020-07-11 08:23:00,7月10日14时30分至19时00分,西安,官厅立交积水点,109.049053,34.294791,50cm,
2020-07-11 08:23:00,7月10日14时30分至19时00分,西安,北三环罗高路下穿,108.894628,34.326152,100cm,
2020-07-11 08:23:00,7月10日14时30分至19时00分,西安,凤城八路下穿,108.949549,34.341105,30cm,
2020-07-11 08:23:00,7月10日14时30分至19时00分,西安,安邸立交积水点,109.045875,34.311102,60cm,
2020-07-11 08:23:00,7月10日14时30分至19时00分,西安,华清路,109.212604,34.364561,50cm,
2020-07-11 08:23:00,7月10日14时30分至19时00分,西安,凤城八路市政府门前,108.949549,34.341105,50cm,
2020-07-11 08:23:00,7月10日14时30分至19时00分,西安,柳新路,109.073719,34.290572,"50cm ",
2020-07-11 08:23:00,7月10日14时30分至19时00分,西安,六合窑铁路涵洞,108.984741,34.283616,120cm,
2020-07-11 08:23:00,7月10日14时30分至19时00分,西安,凤城一路南康村,108.955073,34.313484,20cm,
2020-07-11 08:23:00,7月10日14时30分至19时00分,西安,东二环金花隧道,108.995662,34.286446,50cm,
2020-07-11 08:23:00,7月10日14时30分至19时00分,西安,凤城九路魏玛公馆门前,108.940418,34.347425,30cm,
2020-07-11 08:23:00,7月10日14时30分至19时00分,西安,国际港务区广场南路和港务西路十字,109.039952,34.367247,30cm,
2020-07-11 08:23:00,7月10日14时30分至19时00分,西安,东元西路八府庄小区向西,108.987019,34.294594,40cm,
2020-07-11 08:23:00,7月10日14时30分至19时00分,西安,太华路与含元路,108.971383,34.286315,30cm,
2020-07-11 08:23:00,7月10日14时30分至19时00分,西安,灞柳五路,109.134588,34.270190,10cm,
2020-07-11 08:23:00,7月10日14时30分至19时00分,西安,红旗东路新月花园,108.978982,34.354585,40cm,
2021-07-26 16:14:00,7月26号下午3点,西安,芙蓉西路道路,108.972124,34.208600,30公分,
2023-07-29 18:24:28,,郑州,陇海西路新田大道路口,113.504798,34.728670,,有积水车辆通行缓慢
2023-07-29 18:24:28,,郑州,顺河路顺河北街西20米路南,116.250217,36.600843,,路面受损，市政已到场
2023-07-29 18:24:28,,郑州,、金岱路东三环西侧积水,113.770529,34.680923,,影响小车通行
2023-07-29 18:24:28,,郑州,西山路京广铁路涵洞主道,101.304833,21.454540,,积水封闭，市政正在抽水
2023-07-29 18:24:28,,郑州,京广铁路三全路通洞,101.866721,23.518476,,积水封闭，市政正在抽水
2023-07-29 18:24:28,,郑州,北四环东三环东向西辅道,113.647870,23.082774,,有积水，车辆通行缓慢
2023-07-29 18:24:28,,郑州,龙翼四街隧道南北双向,113.754632,34.814820,20公分,有积水
2023-07-29 18:24:28,,郑州,西三环池北路西口道路,113.582829,34.826116,20公分,有积水
2023-07-29 18:24:28,,郑州,雪松路(梧桐街——药厂街),113.556770,34.788926,20公分,积水严重，警示封闭
2023-07-29 18:24:28,,郑州,科学大道长椿路东口,113.541827,34.814266,20公分,积水，行驶缓慢
2023-07-29 18:24:28,,郑州,三全路(秋棠路——京广铁路通洞),113.596423,34.830578,20公分,积水，行驶缓慢
2023-07-29 12:41:19,截至7月29日中午11时30分,郑州,建设路西三环桥下转盘处,113.584634,34.748883,,由东向西有积水影响通行
2023-07-29 12:41:19,截至7月29日中午11时30分,郑州,陇海西路新田大道交叉口有积水,113.497801,34.725416,,车辆通行缓慢
2023-07-29 12:41:19,截至7月29日中午11时30分,郑州,桐柏路（汝河路至淮河路）东半幅,113.606183,34.728901,,有积水暂不影响通行
2023-07-29 17:52:00,,郑州,北四环与文化路交叉口东北角处,113.636944,34.868904,,目测水深至腿部
2023-07-29 17:52:00,,郑州,陇海西路新田大道路口,113.504798,34.728670,,有积水车辆通行缓慢
2023-07-29 17:52:00,,郑州,顺河路顺河北街西20米路南,113.685973,34.761702,,有积水车辆通行缓慢
2023-07-29 17:52:00,,郑州,金岱路东三环西侧积水,113.770529,34.680923,,影响小车通行
2023-07-29 17:52:00,,郑州,西山路京广铁路涵洞主道,113.648675,34.745803,,积水封闭
2023-07-29 17:52:00,,郑州,广铁路三全路通洞,113.652579,34.829885,,积水封闭
2023-07-29 17:52:00,,郑州,北四环东三环东向西辅道,113.819860,34.841883,,车辆通行缓慢
2023-07-29 17:52:00,,郑州,龙翼四街隧道南北双向,113.754632,34.814820,积水20公分,隧道封闭
2023-07-29 17:52:00,,郑州,西三环池北路西口道路,113.582829,34.826116,积水20公分,隧道封闭
2023-07-29 17:52:00,,郑州,雪松路(梧桐街——药厂街),113.556770,34.788926,积水20公分,隧道封闭
2023-07-29 17:52:00,,郑州,科学大道长椿路东口,113.541827,34.814266,积水20公分,行驶缓慢
2023-07-29 17:52:00,,郑州,三全路(秋棠路——京广铁路通洞),113.596423,34.830578,积水20公分,行驶缓慢
2021-07-20 15:34:00,截至7月20日11点半,郑州,商鼎路博学路交叉口,113.753336,34.754757,深度30公分,积水7000平方米
2021-07-20 15:34:00,截至7月20日11点半,郑州,姚夏路北段,113.801299,34.811165,深度20公分,积水2000平方米
2021-07-20 15:34:00,截至7月20日11点半,郑州,平安大道龙子湖西路交叉口,113.807635,34.793565,深度20公分,积水800平方米
2021-07-20 15:34:00,截至7月20日11点半,郑州,龙子湖南路与明理路、冬勤街交叉口,113.813467,34.785451,深度20公分,积水6500平方米
2021-07-20 15:34:00,截至7月20日11点半,郑州,文苑南路东四环交叉口,113.815250,34.765490,深度20公分,积水1500平方米
2021-07-20 15:34:00,截至7月20日11点半,郑州,龙子湖东路、秋实街、冬勤街路,113.818467,34.788684,深度约30公分,积水面积约4000平方米
2021-07-20 15:34:00,截至7月20日11点半,郑州,物流路东四环,114.033483,34.762117,最深处约80公分,河水倒灌积水严重
2021-07-20 15:34:00,截至7月20日11点半,郑州,白沙区域住建厅周边,113.93,34.72,深度35公分,积水7000平方米
2018-07-25 14:54:00,,郑州,1、西三环下穿陇海铁路桥涵洞2、黄河路下穿铁路编组3、桐柏路建设路交叉口4、嵩山南路南水北调桥5、西四环中原路附近（正封闭施工））6、西三环北沿连霍高速桥下7、北闸口沿河路8、陇海路与陇海铁路立交桥下9、南三环与十八里河立交桥下10、工人路颖河路交叉口11、西四环梧桐街交叉口,113.627301,34.755107,,
2018-07-25 14:54:00,,郑州,1、文化路国基路至三全路段；2、陇海路金水河桥至工人路段；3、陇海路京广交叉口西口；4、化工路立交桥涵洞；5、黄河路和文化路、花园路、经三路、未来路交叉口周边；6、经二路黄河路至红旗路段；7、花园路农业路至动物园段；8、桐柏路和中原路、陇海路、淮河路交叉口；9、黄河路京沙快速路至南阳路段；10、花园路国基路地铁站附近；11、文化路连霍桥下；12、连霍高速中州大道下桥口至魏河桥段；13、科学大道与瑞达路交叉口；14、创新大道枫香街交叉口；15、花园路第八演播厅附近；16、开元路和田园路、金河路、天河路交叉口周边17、金水路金水立交桥下北侧；18、鸿运路西三环；19、嵩山路伊河路至中原路段；20、文化路新龙路交叉口；21、花园路北环立交西南角辅道；22、西四环与合欢街交叉口；23、郑州科学大道红松路向西200米；24、高新区瑞达路梧桐街交叉口南侧陇海铁路桥下；25、江山路双桥村；26、长江路西三环；27、西三环北延长线连霍高速下穿隧道,113.620978,34.730378,,
2023-07-31 16:47:00,,郑州,1、陇海西路新田大道路口2、顺河路顺河北街西20米路南3、金岱路东三环西侧4、金岱路(豫一路至鸿泰路)5、西山路京广铁路涵洞主道6、京广铁路三全路涵洞7、北四环东三环东向西辅道8、龙翼四街隧道南北双向9、西三环池北路西口道路10、雪松路(梧桐街一一药厂街)11、科学大道长椿路东口12、三全路(秋棠路--京广铁路涵洞)13、京广快速路绕城高速(小刘桥)14、华夏大道金柳南路转盘15、绿水路与尧山路16、南四环中州大道东500米17、二七路市民新村北街18、建设路西三环桥下转盘处19、陇海西路新田大道交叉口20、桐柏路(汝河路至淮河路)东半幅21、航海东路主干道沿线的朝凤路口、机场高速立交桥,113.66,34.75,,
2023-07-30 18:31:00,,郑州,嵩山南路南水北调桥、郑平路南水北调桥、梧桐街雪松路口、西四环博体路交叉口、中原西路西四环交叉口、西三环北延沿线、大学南路南水北调桥、紫荆山路南水北调桥、西山路京广铁路、三全路西延京广铁路、东三环北四环立交桥下）,113.533125,34.747656,,
2023-07-30 18:31:00,,郑州,东三环北四环立交桥,113.782247,34.760829,最大深度达到20公分,长达200米的路段积水
2017-08-02 07:43:00,截止到今天（8月2日）早上7:40,郑州,金水路东向西临近未来路的右侧车道上,113.704116,34.752203,,
2017-08-02 07:43:00,截止到今天（8月2日）早上7:40,郑州,紫荆山路陇海路地下道双向,113.656310,34.748927,,
2017-08-02 07:43:00,截止到今天（8月2日）早上7:40,郑州,中州大道黄河路立交西向北的匝道转下来以后，在匝道和中州大道的交汇处南向北方向,113.71,34.77,水深有30公分,积水带长度有30到50米
2016-08-05 17:17:00,,郑州,陇海路桐柏路，陇海路铁英街，陇海路京广路,113.655638,34.724284,有10公分,
2016-08-05 17:17:00,,郑州,棉纺路与桐柏路向南至建设路,113.614830,34.754074,有10公分,
2016-08-05 17:17:00,,郑州,二七广场东北角,113.666451,34.751860,有10公分,积水没过半个车轮
2016-08-05 17:17:00,,郑州,二七路，人民公园东门,113.666892,34.761246,有10公分,积水没过半个车轮
2016-08-05 17:17:00,,郑州,嵩山路碧沙岗,113.626462,34.753612,有10公分,"没过三分之一的车轮 "
2016-08-05 17:17:00,,郑州,中原路大学路,113.639916,34.746129,有10公分,"没过三分之一的车轮 "
2016-08-05 17:17:00,,郑州,北环彩虹桥,113.662452,34.810808,有10公分,"没过三分之一的车轮 "
2016-08-05 17:17:00,,郑州,.郑密路汉江路,113.634483,34.715277,有10公分,"没过三分之一的车轮 "
2023-07-29 12:30:00,截至7月29日中午11时30分,郑州,建设路西三环桥下转盘处,113.584634,34.748883,,
2023-07-29 12:30:00,截至7月29日中午11时30分,郑州,陇海西路新田大道交叉口,113.497801,34.725416,,
2023-07-29 12:30:00,截至7月29日中午11时30分,郑州,桐柏路（汝河路至淮河路）东半幅,113.606183,34.728901,,
2016-07-19 19:18:00,,郑州,相济路龙子湖西路以北、莲湖路嘉苑路、黄河路姚寨；西部：建设路桐柏路、药厂街长春路、中原路西四环、桐柏路陇海路、西四环铁炉、中原路石柱岗、郑州植物园、科学大道瑞达路、西三环电厂南路、淮河路电器厂；南部：客运总站、客运南站、南四环杨沟、南四环王庄村东口、长江路花寨、南三环省汽配物流园、柴郭村、南三环紫荆山南路、南三环通站路、南三环连云路、南三环碧云路、大学路航海路、永丰新堵、淮河路京广路、大学南路荆胡寨、汝河路段、金淮花园；北部：北三环南阳寨、黄河路南阳路、花园路国基路；中部：医学院、康复街京广路、一马路陇海路、二环支路、碧沙岗、苗圃、印刷厂街涵洞️请绕道行驶！周边高速：连霍高速 南半幅的 柳林站下站口 和文化路 下站口， 还有，绕城高速大学路下站,113.530812,34.777301,,
2023-07-30 19:20:44,7月30日10：20分,郑州,嵩山南路南水北调桥、郑平路南水北调桥、梧桐街雪松路口、西四环博体路交叉口、中原西路西四环交叉口、西三环北延沿线、大学南路南水北调桥、紫荆山路南水北调桥、西山路京广铁路、三全路西延京广铁路、东三环北四环立交桥下,113.533125,34.747656,,
2023-07-30 19:20:44,7月30日10：20分,郑州,东三环北四环立交桥下,113.782247,34.760829,20公分,仍然有长达200米的路段积水
2023-07-14 16:51:08,,重庆,回兴片区、中央公园片区,106.583079,29.639993,5～30厘米,出现了较为严重的积水
2023-07-21 10:12:19,7月21日8：00左右,重庆,"两江新区春城斓山小区附近 ",106.545021,29.629045,,
2023-04-20 06:59:09,4月18日,重庆,轻轨中央公园东站内,117.991792,28.462073,,天花板上不断滴水，现场工作人员清理积水，乘客踩沙袋通过
2023-08-12 17:02:39,8月12日6点半左右,重庆,棠香街道文昌路邮政局附近,105.730491,29.696881,,几百户居民出行受阻，居民财产受到威胁
2021-08-05 18:19:00,16时,重庆,南岸区涂山路下浩路段,106.594995,29.557974,10至20厘米,
2021-08-05 18:19:00,16时,重庆,东海长洲路段,106.602197,29.575477,10至20厘米,
2021-08-05 18:19:00,16时,重庆,弹子石转盘,106.590920,29.582017,10至20厘米,
2021-08-05 18:19:00,16时,重庆,江北区五里店立交匝道,106.562879,29.583848,超30厘米,
2021-08-05 18:19:00,16时,重庆,大剧院轨道站外,114.487580,38.046203,超30厘米,
2021-08-05 18:19:00,16时,重庆,黄花园桥下五简路与北滨一路路口,106.566476,29.569621,超30厘米,
2021-08-05 18:19:00,16时,重庆,五里店立交海尔路往五里店方向,106.562879,29.583848,超30厘米,
2021-08-05 18:19:00,16时,重庆,北滨路与长兴路路口,79.962616,37.151257,10至20厘米,
2021-08-05 18:19:00,16时,重庆,建新北路阳光城匝道,121.555098,29.857182,10至20厘米,
2021-08-05 18:19:00,16时,重庆,溉澜溪大桥东桥头,118.737903,34.090959,10至20厘米,
2021-08-05 18:19:00,16时,重庆,渝中区牛角沱立交,106.542785,29.557678,超30厘米,
2021-08-05 18:19:00,16时,重庆,北区路巴蜀中学,106.561034,29.560855,10至20厘米,
2021-08-05 18:19:00,16时,重庆,大溪沟嘉滨路,106.272730,29.997375,10至20厘米,
2021-08-05 18:19:00,16时,重庆,渝北区龙头寺公园景园大道,106.550994,29.593337,10至20厘米,积水
2021-08-05 18:19:00,16时,重庆,新溉大道保利f组团绿化带外公路,106.564723,29.591135,10至20厘米,积水
2021-08-05 18:19:00,16时,重庆,兴盛大道与唐家院子转盘处,116.280994,40.058978,超25厘米,积水
2021-08-05 18:19:00,16时,重庆,渝鲁立交桥下公厕,118.070465,36.846050,超25厘米,积水
2023-09-12 12:09:00,9月11日晚上8点左右,重庆,仙桃街道,106.634077,30.457883,30至50厘米,车辆出行受阻
2023-09-12 12:09:00,9月11日晚上8点左右,重庆,回兴街道,106.605606,29.674621,30至50厘米,车辆出行受阻
2023-09-12 12:09:00,9月11日晚上8点左右,重庆,空港片区,101.521440,25.034578,30至50厘米,车辆出行受阻
2021-07-13 09:51:00,12日上午,重庆,绿梦广场,106.623347,29.699496,,积水严重
2021-07-13 09:51:00,12日上午,重庆,海尔路溜石壁至女职中轨道4号线,106.671711,29.617627,约20厘米,
2021-07-13 09:51:00,12日上午,重庆,海尔路鲁家山搅拌站路口,87.566778,43.935843,约20厘米,积水严重
2021-07-13 09:51:00,12日上午,重庆,白杨沟立交部分匝道,106.593548,29.633118,约30厘米,积水严重
2021-07-12 10:13:00,12日05时,重庆,北碚区碚峡路地通道、嘉运大道,106.441028,29.823205,20厘米积水,
2023-04-24 14:55:00,7时,重庆,民族路五一路,106.579299,29.557088,超二十厘米,
2023-04-24 14:55:00,7时,重庆,千厮门隧道,106.582028,29.559760,80厘米左右,已经淹没过膝盖
2023-07-21 10:12:19,7月21日8：00左右,重庆,南滨路与巴滨路交界处,106.553423,29.504988,,车辆在积水中缓慢行驶
2023-07-21 10:12:19,7月21日8：00左右,重庆,江北嘴国金中心附近,106.572525,29.575411,,车辆在积水中缓慢行驶
2020-07-08 14:51:00,8日5时,重庆,南腰界镇,108.643898,28.397356,40厘米左右,
2021-07-12 12:17:00,11日晚上9时左右,重庆,木耳镇良桥站,106.688909,29.839982,,严重积水
2024-04-26 20:17:00,4月26日,深圳,深圳主场宝安体育中心,113.882116,22.558519,,
2024-04-23 22:40:00,截至20时,深圳,龙华区和龙岗区（横岗、布吉、坂田、南湾、平湖、吉华街道）,114.211479,22.643381,,
2024-04-23 22:40:00,截至20时,深圳,宝安国际机场停机坪,116.380177,39.863927,,积水快淹至脚踝
2024-04-27 20:21:00,4月26日,深圳,龙华高密度城区,114.026779,22.652548,,
2024-04-27 20:21:00,4月26日,深圳,龙华区民治大道、工业路壹城中心段等五个点位,114.031271,22.646563,,
2024-04-27 20:21:00,4月26日,深圳,民丰路与新区大道交会处（深圳北站以南）为例：民丰路与新区大道交会处的下凹式立交桥,114.0295,22.609875,,
2024-04-27 20:21:00,4月26日,深圳,民丰路与新区大道交会处的下凹式立交桥,114.03428,22.604796,,涝水
2024-04-27 20:21:00,4月26日,深圳,民治大道（民治地铁站、民治小学处）,114.039276,22.620262,,
2024-04-27 20:21:00,4月26日,深圳,民治大道与民埔路,119.250431,34.300020,,
2024-04-27 20:21:00,4月26日,深圳,布龙路,119.250431,34.300020,,
2024-04-27 20:21:00,4月26日,深圳,罗湖多个路段,119.250431,34.300020,,
2024-04-23 15:16:00,2-3分钟,深圳,南山区新围村蓬莱街道附近,113.952131,22.58267,,积水面覆盖至车轮近一半的位置
2024-04-25 01:49:00,4月23日,深圳,龙华街道工业路壹城中心段等五个点位,114.031271,22.646563,,出现短时积水
2024-04-23 17:56:00,2024-04-23 17:56,深圳,壹方天地购物中心,114.029187,22.646546,,积水
2024-04-23 17:56:00,2024-04-23 17:56,深圳,观澜河流域,114.05,22.69,,道路出现短时积水
2024-04-23 15:54:00,2024-04-23 15:54,深圳,南山北部,113.949363,22.576952,,积水严重
2024-04-23 15:54:00,2024-04-23 15:54,深圳,民治大道,114.043512,22.611908,,积水严重
2024-04-21 19:41:00,2024年4月21日,深圳,龙华福龙路往北站方向,114.013637,22.572308,,积水严重
2024-04-21 19:41:00,2024年4月21日,深圳,福龙路往北站方向,114.01701,22.600062,,积水严重
2024-04-23 22:20:00,,深圳,南山区新围村蓬莱街道,113.952131,22.58267,,车辆行驶中几乎半轮没入水中
2024-04-26 08:59:00,,广州,番禺市桥大北路,113.369701,22.950834,,没有水浸，有一点点积水
2024-04-19 19:42:00,,广州,皮具城一带道路,116.375939,39.909977,,有的过往车辆出了故障停在积水路段
2024-04-06 12:44:00,,广州,番禺主干道成大河,113.383917,22.93756,,车辆仿佛陆地行船，连挖掘机都熄火了
2024-04-18 12:19:00,4月18日,广州,白云机场,113.307605,23.389929,,路面积水及不明漩涡
2024-04-08 09:35:19,,广州,番禺区钟村、会江村等地方,113.294647,23.01249,,水浸情况较为严重
2024-04-22 23:14:00,4月20日,广州,增城区新塘镇部分街道,113.60537,23.121441,,出现不同程度的内涝积水
2024-04-22 23:14:00,4月20日,广州,南沙区黄阁镇小虎岛狮子洋合同段,113.535279,22.840505,,12名工人被积水围困
2024-04-06 13:10:00,11时左右,广州,番禺区番禺大道北一路段,113.383576,22.958768,,出现水浸
2024-04-06 16:36:00,4月6日8时,广州,国道Ｇ240线白石下路口至东田桥段(Ｋ2255+150~2266+000),115.990147,40.441487,,
2024-04-06 16:36:00,4月6日8时,广州,南雄市油山镇过水坑村乡道Y622线(Ｋ5+550)上边坡塌方，无可绕行道路，预计7日23时恢复通行；曲江区樟市镇芦溪村县道  X856线(K11+400)处,115.990147,40.441487,,
2024-04-06 16:36:00,4月6日8时,广州,曲江区樟市镇芦溪村县道  X856线(K11+400)处,113.528371,24.544753,,无绕行路线
2024-04-06 16:36:00,4月6日8时,广州,南雄市澜河镇龙坑坪县道X788线澜河-葛坪（Ｋ1+600）上边坡,114.148152,25.236649,,
2024-04-28 21:51:00,4月28日,广州,白云区江高镇江同路,113.232142,23.273075,,
2024-04-28 21:51:00,4月28日,广州,白云区米岗中路,113.349238,23.389104,,
2024-04-20 18:14:00,,东莞,厚街康乐南路,113.667522,22.935413,,水浸街
2024-04-26 09:24:00,,东莞,塘厦清湖头红绿灯,114.086058,22.769721,,水浸街
2024-04-20 22:43:00,,东莞,沙田沿河路，民田村民田大街,113.617031,22.890878,,偶遇路上积水
2024-04-21 11:51:00,,东莞,长安到虎门路,113.673076,22.822012,,积水严重
2024-04-21 20:16:00,4月21日,东莞,东城街道学院路与东城中路红绿灯处,113.771412,23.047774,30厘米,积水达30厘米
2024-04-21 20:16:00,4月21日,东莞,学院路和东纵路,113.763028,23.039737,30厘米,积水均达30厘米
2024-04-21 20:16:00,4月21日,东莞,虎门新尚隧道,113.680415,22.818894,40厘米,
2024-04-21 20:16:00,4月21日,东莞,长安高速路桥底,113.791063,22.803023,60厘米,积水达60厘米
2024-04-21 20:16:00,4月21日,东莞,长青街,114.098103,23.024339,40厘米,积水达40厘米
2024-04-22 16:15:00,4月20日-21日,东莞,沙田镇标、鸿辉预制件厂等,113.594125,22.894992,,出现积水
2024-03-29 07:07:00,昨天早上,杭州,桐庐县广场路,119.675791,29.80682,,路面积水有点严重
2024-04-10 17:18:00,4月10日,北京,北京北路南向北方向S114 桥下至安青南路路段道路右侧,116.407387,39.904179,,
2024-04-24 23:41:00,,北京,科丰桥、望和桥、红军营铁路桥,116.442261,39.987914,,积水
2024-04-28 16:55:00,,北京,西城区积水潭桥东侧地下通道,116.371807,39.948536,,积水
2024-04-03 08:34:00,,北京,顺丰大街,116.656436,40.186899,,
2024-04-03 08:34:00,,北京,大营四街,116.655653,40.160134,,积水
2024-04-03 08:34:00,,北京,机场北街机场北街,116.591516,40.116805,,
2024-04-28 13:18:00,,武汉,沙湖大桥友谊大道,114.401825,30.505561,,积水过往车辆行人
2024-03-05 15:39:00,8点,武汉,青年路地铁站A出口,114.401825,30.505561,,，雨量30毫米，渍水0.11米
2024-02-20 11:07:06,2月19日晚至20日凌晨,武汉,后湖五路与后湖大道交叉路口,114.401825,30.505561,,被淹
2024-04-29 21:20:00,4月28号中午,武汉,汉口中山大道与利济路路口,114.401825,30.505561,,出现积水
2024-04-29 21:20:00,4月28号中午,武汉,利济路口,114.401825,30.505561,,出现积水
2024-04-28 16:49:00,4月28日,武汉,月湖桥,114.401825,30.505561,半米,遮天蔽日，半小时街道积水半米
2024-02-20 20:27:00,今天凌晨,南京,江东中路,118.73902,32.039194,,不少路段的慢车道出现积水
2024-04-18 07:03:00,,南京,天华东路途虎养车周边慢车道,118.871339,31.937923,,积水是因为雨水篦子周边沥青局部鼓起造成排水不畅
2024-04-18 07:03:00,,南京,柳洲东路地铁站周边,118.746237,32.139965,,因道路沉陷不均匀形成轻微凹陷
2024-04-28 21:51:00,4月28日,广州,江海大道一处电灯柱下方,113.333076,23.08974,,地面积有污水
